symbol,entry_date,exit_date,entry_price,exit_price,qty,reason,charges,pnl,holding_days
SRF,2019-05-14,2019-05-20,499.08,583.65,235,FORCED_2DAY_AFTER_TARGET,286.78,19587.17,6
TITAN,2019-05-14,2019-06-28,1158.56,1334.7,62,FORCED_2DAY_AFTER_TARGET,180.11,10740.57,45
HDFCBANK,2019-05-20,2019-07-15,1190.57,1188.65,79,NO_TARGET,216.82,-368.5,56
NAUKRI,2019-05-30,2019-07-23,415.06,431.0,110,NO_TARGET,114.67,1638.73,54
OBEROIRLTY,2019-07-10,2019-07-25,601.69,532.25,57,SL,84.53,-4042.61,15
PHOENIXLTD,2019-07-17,2019-08-05,329.94,313.25,239,SL,180.3,-4169.21,19
ICICIPRULI,2019-07-24,2019-08-13,387.93,372.95,267,SL,233.44,-4233.1,20
UNITDSPR,2019-08-07,2019-08-21,603.0,573.0,133,SL,183.19,-4173.19,14
ICICIGI,2019-08-26,2019-09-11,1200.37,1120.25,49,SL,137.28,-4063.16,16
TATACONSUM,2019-08-26,2019-09-13,268.59,256.65,335,SL,204.2,-4204.1,18
COFORGE,2019-09-20,2019-10-01,278.89,268.5,384,SL,241.01,-4230.77,11
ICICIPRULI,2019-08-19,2019-10-04,391.95,456.0623437500001,153,SL,153.49,9655.7,46
M&MFIN,2019-10-04,2019-10-15,200.35,191.8,467,SL,211.92,-4204.77,11
TVSMOTOR,2019-10-15,2019-10-23,402.5,462.95,197,FORCED_2DAY_AFTER_TARGET,197.14,11711.51,8
ADANIENT,2019-10-16,2019-11-11,156.63,210.85,203,FORCED_2DAY_AFTER_TARGET,94.12,10912.54,26
IGL,2019-09-24,2019-11-18,179.14,206.5,194,NO_TARGET,94.78,5213.06,55
SHRIRAMFIN,2019-10-09,2019-12-02,210.6,212.65,286,NO_TARGET,144.83,441.47,54
LUPIN,2019-11-13,2019-12-02,743.55,796.6125,141,SL,247.64,7234.17,19
BHARTIARTL,2019-10-25,2019-12-18,371.25,426.15,77,NO_TARGET,80.44,4146.86,54
CHOLAFIN,2019-12-13,2019-12-26,316.78,300.65,247,SL,178.99,-4163.1,13
TATACOMM,2019-11-28,2020-01-21,435.11,430.6,50,NO_TARGET,61.3,-286.8,54
KOTAKBANK,2019-12-04,2020-01-21,1658.25,1600.2,68,SL,253.24,-4200.64,48
ATGL,2019-12-26,2020-01-24,159.49,148.75,372,SL,138.31,-4133.59,29
DLF,2020-01-10,2020-02-18,241.7,217.3,163,SL,95.48,-4072.68,39
PHOENIXLTD,2020-01-29,2020-02-26,425.11,471.60921874999997,178,SL,185.72,8091.14,28
CHOLAFIN,2020-01-23,2020-02-28,321.05,308.95,330,SL,238.54,-4231.54,36
AUROPHARMA,2020-02-20,2020-03-09,610.74,482.3,31,SL,51.47,-4033.11,18
TORNTPOWER,2020-05-13,2020-05-18,305.52,295.6,403,SL,275.47,-4273.23,5
HINDZINC,2020-06-08,2020-06-12,175.22,170.0,766,SL,299.32,-4297.84,4
IGL,2020-06-12,2020-06-18,241.85,230.6,355,SL,195.35,-4189.1,6
BEL,2020-06-18,2020-06-25,24.37,27.360625000000002,3030,SL,182.57,8879.02,7
BDL,2020-06-16,2020-06-26,121.96,142.58031250000002,401,SL,128.17,8140.58,10
SRF,2020-06-26,2020-07-09,732.59,774.3937500000001,198,SL,334.89,7942.25,13
ICICIGI,2020-05-20,2020-07-13,1240.32,1251.05,34,NO_TARGET,105.78,259.04,54
BHARTIARTL,2020-07-13,2020-07-15,571.19,549.95,188,SL,241.63,-4234.75,2
MFSL,2020-05-29,2020-07-22,473.05,548.55,66,NO_TARGET,86.86,4896.14,54
LT,2020-07-17,2020-07-24,928.62,898.45,132,SL,274.31,-4256.75,7
CIPLA,2020-07-17,2020-08-11,680.79,779.5190625,83,SL,144.43,8050.08,25
ADANIENT,2020-07-22,2020-08-21,168.94,233.35,237,FORCED_2DAY_AFTER_TARGET,116.1,15149.07,30
GODREJCP,2020-07-29,2020-08-31,683.1,663.5,204,SL,310.36,-4308.76,33
MUTHOOTFIN,2020-08-14,2020-09-07,1194.49,1091.0,38,SL,108.41,-4041.03,24
KOTAKBANK,2020-08-25,2020-09-09,1403.48,1331.05,55,SL,176.73,-4160.38,15
MPHASIS,2020-09-02,2020-09-16,1152.68,1299.324375,56,SL,161.74,8050.34,14
ADANIENSOL,2020-09-02,2020-09-21,268.23,248.1,198,SL,124.95,-4110.69,19
IRCTC,2020-09-21,2020-09-22,285.42,271.8,293,SL,190.56,-4181.22,1
M&M,2020-09-10,2020-09-24,620.08,597.4,176,SL,245.4,-4237.08,14
MFSL,2020-09-28,2020-10-22,604.71,567.3,106,SL,148.6,-4114.06,24
ESCORTS,2020-09-28,2020-10-26,1214.04,1151.5,63,SL,175.25,-4115.27,28
BIOCON,2020-09-28,2020-10-26,432.7,406.1,150,SL,150.31,-4140.31,28
ATGL,2020-10-28,2020-10-29,199.39,191.0,476,SL,214.81,-4208.45,1
CHOLAFIN,2020-10-30,2020-11-06,252.71,303.6,219,FORCED_2DAY_AFTER_TARGET,144.88,11000.03,7
INDUSINDBK,2020-11-03,2020-11-11,638.17,765.84203125,64,SL,110.73,8060.28,8
ATGL,2020-11-02,2020-11-23,225.12,344.65,114,FORCED_2DAY_AFTER_TARGET,83.55,13542.87,21
MUTHOOTFIN,2020-11-06,2020-11-24,1250.22,1136.5,35,SL,104.85,-4085.05,18
NAUKRI,2020-11-12,2020-12-01,721.59,841.5,97,FORCED_2DAY_AFTER_TARGET,176.87,11454.4,19
TECHM,2020-11-02,2020-12-09,822.74,929.5,97,FORCED_2DAY_AFTER_TARGET,196.69,10159.03,37
GODREJPROP,2020-10-22,2020-12-15,1064.29,1262.5,22,NO_TARGET,69.45,4291.17,54
MARICO,2020-12-02,2020-12-15,377.18,408.814375,261,SL,234.66,8021.91,13
ASIANPAINT,2020-12-01,2020-12-21,2255.82,2542.914375,28,SL,158.59,7880.05,20
CONCOR,2020-12-15,2020-12-21,328.13,316.8,353,SL,259.78,-4259.27,6
FEDERALBNK,2020-12-23,2021-01-12,62.46,76.2,831,FORCED_2DAY_AFTER_TARGET,137.76,11280.18,20
TORNTPHARM,2020-12-23,2021-01-29,1384.84,1291.7,42,SL,135.89,-4047.77,37
TVSMOTOR,2021-01-20,2021-02-05,517.57,628.3,138,FORCED_2DAY_AFTER_TARGET,183.59,15097.15,16
IRCTC,2020-12-23,2021-02-11,283.21,323.8,251,FORCED_2DAY_AFTER_TARGET,177.77,10010.32,50
ZYDUSLIFE,2020-12-23,2021-02-15,473.2,463.65,90,NO_TARGET,105.45,-964.95,54
APLAPOLLO,2020-12-23,2021-02-15,376.17,476.25,78,NO_TARGET,85.64,7720.6,54
TATACOMM,2020-12-23,2021-02-15,1019.47,990.0,30,NO_TARGET,79.62,-963.72,54
JSWENERGY,2021-02-11,2021-03-03,74.37,83.42140624999999,915,SL,169.34,8112.7,20
HDFCLIFE,2021-02-18,2021-03-18,715.06,686.95,142,SL,229.07,-4220.69,28
BAJFINANCE,2021-03-03,2021-03-19,543.7,519.5,165,SL,203.63,-4196.63,16
BPCL,2021-03-22,2021-03-25,209.74,199.1,375,SL,179.86,-4169.86,3
HUDCO,2021-03-22,2021-03-25,47.03,44.6,1646,SL,177.18,-4176.96,3
SHRIRAMFIN,2021-02-01,2021-03-30,265.12,282.2,87,NO_TARGET,65.83,1420.13,57
CHOLAFIN,2021-02-02,2021-03-30,451.14,549.4,66,NO_TARGET,85.25,6399.91,56
HINDPETRO,2021-02-05,2021-03-31,145.22,142.35,489,NO_TARGET,166.02,-1569.45,54
ADANIGREEN,2021-04-05,2021-04-12,1165.85,1099.8,60,SL,161.18,-4124.18,7
ASTRAL,2021-03-30,2021-04-13,1238.31,1112.05,31,SL,93.37,-4007.43,14
BHEL,2021-02-26,2021-04-22,48.24,43.5,345,NO_TARGET,48.9,-1684.2,55
UPL,2021-04-15,2021-04-23,621.59,581.5,99,SL,143.09,-4112.0,8
SAIL,2021-03-30,2021-05-03,77.89,127.75,388,FORCED_2DAY_AFTER_TARGET,99.07,19246.61,34
VEDL,2021-04-15,2021-05-03,198.49,234.45,372,FORCED_2DAY_AFTER_TARGET,186.88,13190.24,18
NATIONALUM,2021-03-30,2021-05-04,54.52,66.5,1047,FORCED_2DAY_AFTER_TARGET,150.02,12393.04,35
TATASTEEL,2021-03-30,2021-05-04,77.89,106.4,442,FORCED_2DAY_AFTER_TARGET,101.37,12500.05,35
CHOLAFIN,2021-04-23,2021-05-10,562.0,529.15,121,SL,156.98,-4131.83,17
COFORGE,2021-05-04,2021-05-10,585.92,635.5825,182,SL,253.06,8785.52,6
TORNTPHARM,2021-05-04,2021-05-12,1275.09,1353.57125,115,SL,339.04,8686.3,8
CHOLAFIN,2021-05-12,2021-05-14,557.17,528.5,139,SL,177.28,-4162.41,2
MAXHEALTH,2021-03-23,2021-05-17,205.82,214.5,162,NO_TARGET,87.84,1318.32,55
JINDALSTEL,2021-05-18,2021-05-26,442.85,388.55,73,SL,80.29,-4044.19,8
CHOLAFIN,2021-05-21,2021-05-27,576.57,541.4,113,SL,150.85,-4125.06,6
MAXHEALTH,2021-05-19,2021-06-14,226.23,250.510625,341,SL,188.89,8090.8,26
AMBUJACEM,2021-05-18,2021-06-18,313.26,340.71234375,301,SL,225.74,8037.42,31
SHRIRAMFIN,2021-06-03,2021-06-18,288.74,277.65,360,SL,234.24,-4226.64,15
APOLLOTYRE,2021-06-22,2021-06-24,227.88,220.0,507,SL,259.16,-4254.32,2
SAIL,2021-06-28,2021-07-06,132.66,123.7,446,SL,137.96,-4134.12,8
LTF,2021-06-22,2021-07-20,93.46,88.95,886,SL,188.79,-4184.65,28
GRASIM,2021-05-28,2021-07-23,1437.7,1554.1375,64,SL,220.03,7231.97,56
APLAPOLLO,2021-07-16,2021-07-28,766.01,865.3021875,83,SL,159.69,8081.57,12
TATASTEEL,2021-06-28,2021-08-02,117.58,141.0,517,FORCED_2DAY_AFTER_TARGET,157.55,11950.59,35
ADANIENT,2021-06-21,2021-08-16,1511.52,1413.55,19,NO_TARGET,74.63,-1936.06,56
CANBK,2021-06-22,2021-08-16,30.75,30.95,1632,NO_TARGET,122.97,203.43,55
PHOENIXLTD,2021-08-02,2021-08-20,439.18,409.1,132,SL,135.42,-4105.98,18
SAIL,2021-08-12,2021-08-20,135.93,123.55,323,SL,105.15,-4103.89,8
PFC,2021-07-29,2021-08-23,102.01,98.1,1023,SL,235.12,-4235.05,25
BAJFINANCE,2021-08-17,2021-09-03,642.7,752.5,124,FORCED_2DAY_AFTER_TARGET,199.71,13415.49,17
ICICIBANK,2021-07-23,2021-09-06,663.6,721.15,163,FORCED_2DAY_AFTER_TARGET,256.69,9123.96,45
OIL,2021-08-23,2021-09-14,113.21,132.25,706,FORCED_2DAY_AFTER_TARGET,200.03,13242.21,22
OBEROIRLTY,2021-09-22,2021-09-28,739.68,886.6,117,FORCED_2DAY_AFTER_TARGET,218.01,16971.63,6
RECLTD,2021-09-22,2021-09-30,115.52,122.39343749999999,1204,SL,322.06,7953.56,8
HINDALCO,2021-08-25,2021-10-01,425.87,485.61906250000004,151,SL,162.03,8860.08,37
ADANIENT,2021-09-28,2021-10-01,1551.72,1455.0,41,SL,147.57,-4113.09,3
TORNTPHARM,2021-09-30,2021-10-01,1600.46,1517.9,48,SL,175.95,-4138.83,1
DABUR,2021-10-04,2021-10-08,623.3,609.0,279,SL,384.65,-4374.35,4
TORNTPOWER,2021-09-09,2021-10-12,487.63,530.2525,175,SL,205.68,7253.26,33
ESCORTS,2021-08-24,2021-10-18,1309.92,1520.95,31,NO_TARGET,108.6,6433.33,55
PETRONET,2021-10-12,2021-10-25,225.82,220.5,751,SL,375.37,-4370.69,13
ICICIBANK,2021-10-19,2021-10-26,752.64,834.375,91,SL,169.44,7268.44,7
PRESTIGE,2021-10-25,2021-10-29,445.22,416.0,136,SL,140.96,-4114.88,4
SBICARD,2021-10-25,2021-10-29,1144.39,1080.1,62,SL,163.31,-4149.29,4
CHOLAFIN,2021-10-27,2021-11-01,614.81,561.25,74,SL,108.6,-4072.04,5
MARICO,2021-11-01,2021-11-03,575.26,553.0,179,SL,232.15,-4216.69,2
PHOENIXLTD,2021-10-25,2021-11-10,471.85,532.6865625,148,SL,173.9,8829.91,16
ADANIPOWER,2021-11-10,2021-11-18,110.25,103.0,551,SL,141.36,-4136.11,8
SUNPHARMA,2021-09-30,2021-11-23,823.85,761.55,58,NO_TARGET,113.87,-3727.27,54
ASTRAL,2021-09-30,2021-11-23,1630.81,1613.1,41,NO_TARGET,157.78,-883.89,54
NTPC,2021-11-02,2021-11-23,135.98,128.55,538,SL,168.04,-4165.38,21
CHOLAFIN,2021-11-03,2021-11-26,616.62,554.2,64,SL,95.6,-4090.48,23
SBIN,2021-11-24,2021-11-26,497.88,477.5,196,SL,220.56,-4215.04,2
BANKBARODA,2021-11-24,2021-11-26,94.27,89.4,821,SL,177.15,-4175.42,2
ESCORTS,2021-10-27,2021-12-01,1557.4,1848.4,32,FORCED_2DAY_AFTER_TARGET,131.21,9180.79,35
ADANIENSOL,2021-10-25,2021-12-20,1836.13,1688.35,18,NO_TARGET,83.15,-2743.19,56
TATAPOWER,2021-12-02,2021-12-20,228.44,213.1,260,SL,138.46,-4126.86,18
LODHA,2021-11-03,2021-12-27,597.97,594.0,53,NO_TARGET,82.68,-293.09,54
ATGL,2021-11-10,2022-01-03,1584.53,1685.05,23,NO_TARGET,95.42,2216.54,54
VEDL,2022-01-04,2022-01-05,334.66,311.3,171,SL,133.79,-4128.35,1
ABCAPITAL,2021-12-22,2022-01-12,116.38,132.8425,455,SL,136.09,7354.35,21
TORNTPOWER,2021-11-24,2022-01-17,542.55,574.25,98,NO_TARGET,132.17,2974.43,54
ADANIGREEN,2021-12-03,2022-01-20,1376.85,1966.7,28,FORCED_2DAY_AFTER_TARGET,114.15,16401.65,48
MOTILALOFS,2021-11-30,2022-01-24,231.15,221.0,394,SL,206.56,-4205.66,55
APLAPOLLO,2021-12-01,2022-01-24,930.63,880.1,37,NO_TARGET,86.91,-1956.52,54
CUMMINSIND,2021-12-23,2022-01-24,933.85,891.05,93,SL,197.49,-4177.89,32
ADANIENT,2022-01-12,2022-01-24,1859.25,1699.1,24,SL,106.84,-3950.44,12
SUNPHARMA,2022-01-27,2022-02-04,815.76,893.95,129,FORCED_2DAY_AFTER_TARGET,251.09,9835.42,8
TATAPOWER,2022-01-27,2022-02-14,242.05,223.0,209,SL,119.53,-4100.98,18
POWERGRID,2022-01-21,2022-02-15,158.74,147.25,348,SL,129.52,-4128.04,25
OBEROIRLTY,2022-01-28,2022-02-15,896.46,855.05,96,SL,195.8,-4171.16,18
TATASTEEL,2022-02-07,2022-02-22,120.35,114.65,701,SL,192.14,-4187.84,15
BSE,2022-01-28,2022-02-24,226.12,207.5,214,SL,114.8,-4099.48,27
INDHOTEL,2022-02-16,2022-02-24,207.93,193.0,267,SL,130.13,-4116.44,8
ONGC,2022-02-17,2022-02-24,163.97,150.65,300,SL,116.51,-4112.51,7
AXISBANK,2022-01-27,2022-03-07,758.77,688.2,56,SL,102.15,-4054.07,39
CANBK,2022-01-27,2022-03-07,44.87,40.95,1020,SL,109.15,-4107.55,39
VBL,2022-02-28,2022-03-07,125.88,117.3,466,SL,136.87,-4135.15,7
JSWENERGY,2022-03-02,2022-03-08,343.71,310.0,118,SL,97.97,-4075.75,6
OIL,2022-03-17,2022-03-21,158.74,148.8,402,SL,147.95,-4143.83,4
ONGC,2022-03-21,2022-03-30,166.58,156.1,381,SL,147.21,-4140.09,9
JINDALSTEL,2022-03-02,2022-04-11,428.53,571.2,75,FORCED_2DAY_AFTER_TARGET,94.55,10605.7,40
VBL,2022-03-22,2022-04-19,127.84,139.930625,684,SL,211.02,8058.97,28
NATIONALUM,2022-02-28,2022-04-25,122.21,110.5,341,SL,100.36,-4093.47,56
VEDL,2022-02-28,2022-04-25,345.27,375.05,126,NO_TARGET,112.04,3640.24,56
COALINDIA,2022-03-02,2022-04-25,155.47,171.5,216,NO_TARGET,90.41,3372.07,54
TATASTEEL,2022-03-03,2022-04-26,130.6,122.5,225,NO_TARGET,76.11,-1898.61,54
OIL,2022-04-01,2022-05-02,160.65,149.35,353,SL,132.69,-4121.59,31
CUMMINSIND,2022-03-10,2022-05-04,1007.21,1010.4,48,NO_TARGET,118.85,34.27,55
NESTLEIND,2022-04-25,2022-05-05,1834.07,1775.1,67,SL,275.0,-4225.99,10
MARICO,2022-04-27,2022-05-06,535.16,503.0,124,SL,153.44,-4141.28,9
COALINDIA,2022-05-04,2022-05-10,174.52,163.6,366,SL,148.08,-4144.8,6
HAVELLS,2022-05-11,2022-05-12,1237.81,1193.25,89,SL,247.64,-4213.48,1
TIINDIA,2022-05-16,2022-05-23,1763.78,1575.05,21,SL,90.42,-4053.75,7
BDL,2022-05-12,2022-05-24,328.58,379.05421874999996,164,SL,138.89,8138.89,12
APOLLOTYRE,2022-05-17,2022-06-13,212.46,194.0,216,SL,109.43,-4096.79,27
COLPAL,2022-04-21,2022-06-14,1540.56,1500.1,73,NO_TARGET,253.59,-3207.17,54
PHOENIXLTD,2022-05-23,2022-06-16,553.65,508.0,87,SL,114.34,-4085.89,24
NHPC,2022-05-13,2022-06-17,31.76,30.05,2339,SL,170.47,-4170.16,35
HDFCLIFE,2022-06-16,2022-06-17,585.11,570.15,267,SL,346.64,-4340.96,1
VBL,2022-06-23,2022-06-27,152.56,146.1,619,SL,213.79,-4212.53,4
ASHOKLEY,2022-06-20,2022-07-01,128.19,141.35,809,FORCED_2DAY_AFTER_TARGET,248.36,10398.08,11
MFSL,2022-07-01,2022-07-08,792.94,845.3275,143,SL,266.03,7225.38,7
PHOENIXLTD,2022-06-21,2022-08-10,551.74,633.393125,110,SL,154.22,8827.63,50
LODHA,2022-06-30,2022-08-23,534.61,522.5,100,NO_TARGET,128.48,-1339.48,54
INFY,2022-07-29,2022-09-07,1532.07,1445.0,45,SL,159.06,-4077.21,40
ASHOKLEY,2022-08-24,2022-09-07,142.76,159.54609375,493,SL,174.34,8101.2,14
M&MFIN,2022-08-05,2022-09-12,197.78,225.45,385,FORCED_2DAY_AFTER_TARGET,189.12,10463.83,38
ZYDUSLIFE,2022-09-07,2022-09-16,375.67,365.75,403,SL,336.25,-4334.01,9
TORNTPHARM,2022-07-28,2022-09-20,1506.44,1490.0,52,NO_TARGET,182.32,-1037.2,54
NAUKRI,2022-07-29,2022-09-21,824.1,805.0,67,NO_TARGET,132.18,-1411.88,54
GODREJCP,2022-09-20,2022-09-26,908.57,882.2,151,SL,305.74,-4287.61,6
HAVELLS,2022-09-20,2022-09-26,1326.6,1284.4,94,SL,278.89,-4245.69,6
BHARATFORG,2022-09-21,2022-09-26,776.56,734.1,94,SL,167.7,-4158.94,5
ASIANPAINT,2022-09-28,2022-09-30,3517.5,3354.0,24,SL,192.33,-4116.33,2
ASTRAL,2022-09-29,2022-09-30,1665.44,1602.55,63,SL,236.37,-4198.44,1
ACC,2022-09-30,2022-10-03,2396.92,2321.3,52,SL,278.79,-4211.03,3
SRF,2022-09-01,2022-10-25,2567.77,2495.0,16,NO_TARGET,101.92,-1266.24,54
BAJFINANCE,2022-10-03,2022-10-27,739.68,702.5,107,SL,180.94,-4159.2,24
UNIONBANK,2022-09-30,2022-10-28,44.67,53.65,1444,FORCED_2DAY_AFTER_TARGET,166.4,12800.72,28
MAXHEALTH,2022-10-03,2022-11-03,414.06,462.735,154,SL,159.34,7336.61,31
ETERNAL,2022-11-07,2022-11-16,63.97,68.7,2030,FORCED_2DAY_AFTER_TARGET,303.55,9298.35,9
GLENMARK,2022-09-30,2022-11-23,394.81,417.2,149,NO_TARGET,144.56,3191.55,54
INDIANB,2022-09-30,2022-11-25,198.29,269.9229687500003,290,SL,159.16,20614.4,56
DRREDDY,2022-11-16,2022-12-16,892.94,863.0,133,SL,266.1,-4248.12,30
ETERNAL,2022-12-01,2022-12-16,67.13,61.9,764,SL,121.02,-4116.74,15
BDL,2022-11-23,2022-12-20,487.42,456.5,129,SL,145.95,-4134.63,27
SAIL,2022-11-07,2022-12-22,84.82,79.3,724,SL,142.78,-4139.26,45
CHOLAFIN,2022-12-21,2022-12-22,753.7,720.55,120,SL,205.23,-4183.23,1
KPITTECH,2022-12-19,2022-12-23,711.99,683.35,139,SL,223.55,-4204.51,4
VEDL,2022-11-02,2022-12-26,268.13,259.8,244,NO_TARGET,153.38,-2185.9,54
TIINDIA,2022-12-20,2022-12-26,3003.19,2735.1,14,SL,101.39,-3854.65,6
HINDALCO,2022-12-27,2023-01-20,447.63,489.09421875,199,SL,214.52,8036.86,24
GLENMARK,2022-11-28,2023-01-23,430.64,411.0,135,NO_TARGET,137.09,-2788.49,56
HUDCO,2022-12-27,2023-01-27,50.2,45.3,816,SL,98.82,-4097.22,31
LODHA,2023-01-20,2023-01-27,564.06,518.0,86,SL,115.08,-4076.24,7
PNB,2022-12-27,2023-01-30,54.22,49.15,788,SL,102.61,-4097.77,34
VEDL,2023-01-31,2023-02-03,304.36,291.45,309,SL,212.96,-4202.15,3
LUPIN,2022-12-22,2023-02-13,761.59,718.0,91,SL,159.79,-4126.48,53
RECLTD,2023-02-01,2023-02-13,122.71,114.0,459,SL,131.85,-4129.74,12
HINDZINC,2023-02-03,2023-02-15,349.24,324.2,159,SL,130.16,-4111.52,12
IRFC,2022-12-27,2023-02-20,30.95,28.2,1176,NO_TARGET,89.77,-3323.77,55
INDIANB,2022-12-27,2023-02-20,293.36,285.1,105,NO_TARGET,80.11,-947.41,55
UNIONBANK,2022-12-27,2023-02-20,81.46,69.9,271,NO_TARGET,59.08,-3191.84,55
HAVELLS,2023-02-15,2023-02-27,1215.5,1169.1,86,SL,235.51,-4225.91,12
GODREJCP,2023-03-01,2023-03-09,931.74,902.4,136,SL,283.2,-4273.44,8
LTF,2023-03-09,2023-03-10,92.56,90.0,1562,SL,321.6,-4320.32,1
MPHASIS,2023-01-24,2023-03-13,2074.62,1959.95,34,SL,162.51,-4061.29,48
INDHOTEL,2023-03-15,2023-03-27,318.33,306.7,343,SL,245.51,-4234.6,12
HAVELLS,2023-03-01,2023-03-28,1212.03,1152.65,67,SL,185.36,-4163.82,27
AUROPHARMA,2023-03-15,2023-03-28,462.45,499.09453125,225,SL,246.71,7998.31,13
IGL,2023-03-29,2023-03-31,219.84,213.2,602,SL,295.29,-4292.57,2
ONGC,2023-02-17,2023-04-12,151.45,150.85,341,NO_TARGET,125.58,-330.18,54
TORNTPOWER,2023-03-29,2023-05-22,517.47,522.4,120,NO_TARGET,148.85,442.75,54
ABCAPITAL,2023-03-29,2023-05-22,149.85,162.3,377,NO_TARGET,140.9,4552.75,54
PETRONET,2023-03-31,2023-05-24,220.2,217.4,559,NO_TARGET,277.83,-1843.03,54
IGL,2023-04-10,2023-06-05,232.91,228.6,179,NO_TARGET,103.61,-875.1,56
TATACOMM,2023-05-25,2023-06-08,1268.31,1414.25,86,FORCED_2DAY_AFTER_TARGET,261.81,12289.03,14
INDUSINDBK,2023-05-09,2023-06-14,1140.32,1323.25,53,FORCED_2DAY_AFTER_TARGET,154.38,9540.91,36
OBEROIRLTY,2023-05-22,2023-06-16,928.72,1011.1600000000001,90,SL,201.88,7217.72,25
MPHASIS,2023-06-13,2023-06-23,1902.46,1843.0,67,SL,284.82,-4268.64,10
BANKBARODA,2023-06-19,2023-07-10,189.44,203.49328125,589,SL,262.92,8014.46,21
ADANIPORTS,2023-05-23,2023-07-17,757.17,730.1,40,NO_TARGET,78.78,-1161.58,55
POLICYBZR,2023-06-07,2023-07-17,631.79,741.35,94,FORCED_2DAY_AFTER_TARGET,152.73,10145.91,40
SIEMENS,2023-07-12,2023-07-20,3794.88,3638.15,25,SL,214.81,-4133.06,8
JSWENERGY,2023-06-22,2023-08-17,278.28,352.55,149,FORCED_2DAY_AFTER_TARGET,114.96,10951.27,56
ABCAPITAL,2023-06-27,2023-08-21,182.91,179.25,268,NO_TARGET,119.16,-1100.04,55
FEDERALBNK,2023-07-17,2023-08-25,130.65,140.165625,952,SL,291.22,8767.65,39
TORNTPOWER,2023-07-06,2023-08-29,623.0,655.0,114,NO_TARGET,171.1,3476.9,54
ASTRAL,2023-08-17,2023-09-04,2045.07,1900.0,27,SL,129.55,-4046.44,18
RVNL,2023-07-24,2023-09-12,139.7,178.2275,194,SL,80.49,7393.84,50
TVSMOTOR,2023-07-26,2023-09-18,1395.39,1489.55,39,NO_TARGET,135.43,3536.81,54
M&M,2023-08-29,2023-10-04,1560.76,1508.2,76,SL,265.78,-4260.34,36
COALINDIA,2023-09-05,2023-10-13,234.87,292.7,205,FORCED_2DAY_AFTER_TARGET,130.12,11725.03,38
INFY,2023-10-05,2023-10-13,1457.2,1418.2,102,SL,330.34,-4308.34,8
AXISBANK,2023-10-17,2023-10-18,1014.5,990.0,163,SL,366.29,-4359.79,1
JINDALSTEL,2023-08-29,2023-10-23,663.75,637.05,130,NO_TARGET,196.8,-3667.8,55
PAYTM,2023-09-15,2023-10-23,871.69,968.35703125,85,SL,182.27,8034.43,38
LODHA,2023-09-27,2023-10-26,799.98,715.9,47,SL,91.64,-4043.4,29
TORNTPOWER,2023-10-27,2023-11-16,733.55,819.675,96,SL,174.42,8093.58,20
DLF,2023-10-30,2023-11-16,540.99,630.25,145,FORCED_2DAY_AFTER_TARGET,196.35,12746.35,17
RECLTD,2023-10-30,2023-11-16,278.99,330.35,204,FORCED_2DAY_AFTER_TARGET,147.59,10329.85,17
MOTILALOFS,2023-10-30,2023-11-20,244.97,298.7,213,FORCED_2DAY_AFTER_TARGET,138.38,11306.11,21
PAYTM,2023-10-30,2023-11-29,921.28,870.0,78,SL,165.25,-4165.09,30
MUTHOOTFIN,2023-11-16,2023-12-05,1323.84,1434.1,69,FORCED_2DAY_AFTER_TARGET,218.75,7389.19,19
GAIL,2023-11-30,2023-12-07,122.11,136.55,1010,FORCED_2DAY_AFTER_TARGET,294.5,14289.9,7
COLPAL,2023-10-31,2023-12-08,2101.35,2282.0024999999996,41,SL,207.39,7199.36,38
PATANJALI,2023-11-29,2023-12-08,1353.74,1602.95,98,FORCED_2DAY_AFTER_TARGET,324.41,24098.17,9
CIPLA,2023-12-08,2023-12-11,1231.12,1197.0,117,SL,320.45,-4312.49,3
IRFC,2023-12-11,2023-12-19,78.04,100.1,1162,FORCED_2DAY_AFTER_TARGET,235.35,25398.37,8
ASHOKLEY,2023-12-14,2023-12-20,171.15,165.05,655,SL,251.78,-4247.28,6
OIL,2023-12-15,2023-12-21,219.74,248.60015625,286,SL,158.12,8095.88,6
MANKIND,2023-12-14,2024-01-05,1888.39,2057.65,65,FORCED_2DAY_AFTER_TARGET,289.65,10712.25,22
M&MFIN,2024-01-05,2024-01-10,281.05,272.0,441,SL,277.24,-4268.29,5
INDUSINDBK,2023-12-05,2024-01-17,1525.14,1650.75,59,SL,215.62,7195.37,43
DRREDDY,2023-12-22,2024-02-05,1124.39,1218.9,132,FORCED_2DAY_AFTER_TARGET,346.33,12128.99,45
NYKAA,2023-12-22,2024-02-07,168.64,157.0,343,SL,135.12,-4127.64,47
GRASIM,2024-02-12,2024-02-14,2192.91,2046.9,27,SL,138.11,-4080.38,2
UNITDSPR,2023-12-26,2024-02-19,1089.92,1126.45,94,NO_TARGET,238.46,3195.36,55
NAUKRI,2024-02-19,2024-03-05,1065.3,1013.0,76,SL,184.85,-4159.65,15
M&MFIN,2024-01-12,2024-03-06,281.05,278.0,278,NO_TARGET,181.89,-1029.79,54
LTF,2024-01-29,2024-03-06,168.19,157.15,362,SL,141.66,-4138.14,37
SHRIRAMFIN,2024-03-11,2024-03-13,493.56,469.8,168,SL,189.03,-4180.71,2
PFC,2024-01-25,2024-03-15,425.06,382.5,93,SL,95.78,-4053.86,50
ADANIENT,2024-01-30,2024-03-26,3108.16,3089.1,13,NO_TARGET,101.38,-349.16,56
COLPAL,2024-03-07,2024-03-27,2576.22,2709.7574999999997,56,SL,332.4,7145.7,20
PHOENIXLTD,2024-02-05,2024-04-01,1261.27,1390.5,38,NO_TARGET,122.71,4788.03,56
BANKINDIA,2024-02-14,2024-04-08,133.61,143.45,436,NO_TARGET,144.29,4145.95,54
ICICIBANK,2024-02-14,2024-04-08,1032.19,1076.3,85,NO_TARGET,207.13,3542.22,54
BHEL,2024-02-15,2024-04-09,227.33,253.35,153,NO_TARGET,93.51,3887.55,54
VEDL,2024-04-02,2024-04-12,278.64,361.95,211,FORCED_2DAY_AFTER_TARGET,158.73,17419.68,10
ETERNAL,2024-03-15,2024-04-15,158.09,189.3284375,290,SL,122.38,8936.77,31
HUDCO,2024-04-18,2024-04-19,200.5,191.25,432,SL,196.98,-4192.98,1
HUDCO,2024-04-22,2024-05-02,198.69,222.77765625,408,SL,198.87,9628.9,10
AMBUJACEM,2024-04-18,2024-05-07,625.11,593.45,126,SL,180.1,-4169.26,19
CHOLAFIN,2024-04-22,2024-05-07,1138.21,1306.35,106,FORCED_2DAY_AFTER_TARGET,291.97,17530.87,15
ADANIPORTS,2024-03-15,2024-05-08,1282.38,1269.05,42,NO_TARGET,129.99,-689.85,54
BAJAJFINSV,2024-04-22,2024-05-09,1636.89,1568.7,58,SL,214.92,-4169.94,17
APLAPOLLO,2024-05-02,2024-05-10,1592.82,1533.35,67,SL,240.21,-4224.7,8
RVNL,2024-04-23,2024-05-13,266.32,251.8,275,SL,168.22,-4161.22,20
TATAMOTORS,2024-05-09,2024-05-13,1020.08,977.0,92,SL,212.56,-4175.92,4
GLENMARK,2024-05-13,2024-05-15,1032.39,995.05,107,SL,248.26,-4243.64,2
MFSL,2024-03-27,2024-05-21,1015.05,996.4,48,NO_TARGET,118.61,-1013.81,55
ICICIGI,2024-05-07,2024-05-21,1696.29,1641.45,72,SL,273.39,-4221.87,14
COALINDIA,2024-05-15,2024-05-24,452.9,490.5796875,219,SL,236.25,8015.6,9
RVNL,2024-05-15,2024-05-27,277.38,377.0,145,FORCED_2DAY_AFTER_TARGET,115.67,14329.23,12
MAZDOCK,2024-05-15,2024-05-28,1187.41,1518.4,28,FORCED_2DAY_AFTER_TARGET,95.5,9172.22,13
PFC,2024-05-15,2024-05-29,428.33,510.1,157,FORCED_2DAY_AFTER_TARGET,172.17,12665.72,14
TIINDIA,2024-05-23,2024-05-31,3728.35,3620.0,36,SL,299.42,-4200.02,8
IGL,2024-05-27,2024-05-31,234.11,220.5,293,SL,158.24,-4145.97,4
IRFC,2024-05-15,2024-06-04,158.79,188.2125,254,SL,108.94,7364.38,20
CHOLAFIN,2024-06-03,2024-06-04,1262.08,1205.55,70,SL,200.74,-4157.84,1
TATASTEEL,2024-06-03,2024-06-04,168.79,163.35,735,SL,277.48,-4275.88,1
OIL,2024-06-03,2024-06-04,428.03,412.1,251,SL,241.74,-4240.17,1
SJVN,2024-06-03,2024-06-04,144.22,130.55,292,SL,101.3,-4092.94,1
AUBANK,2024-05-27,2024-06-06,626.22,669.5309374999999,191,SL,280.18,7992.21,10
PHOENIXLTD,2024-05-14,2024-06-21,1517.45,1798.95,30,FORCED_2DAY_AFTER_TARGET,121.07,8323.93,38
MUTHOOTFIN,2024-05-13,2024-07-08,1680.36,1770.0,23,NO_TARGET,99.91,1961.81,56
CHOLAFIN,2024-06-04,2024-07-29,1301.42,1364.1,46,NO_TARGET,146.34,2736.94,55
PIDILITIND,2024-06-05,2024-07-29,3101.78,3130.05,20,NO_TARGET,148.69,416.71,54
TORNTPHARM,2024-06-06,2024-07-30,2814.7,3103.0,16,NO_TARGET,116.19,4496.61,54
GLENMARK,2024-06-06,2024-07-30,1209.01,1428.25,23,NO_TARGET,79.58,4962.94,54
ASTRAL,2024-06-06,2024-07-30,2138.34,2189.0,19,NO_TARGET,103.06,859.48,54
VEDL,2024-06-06,2024-07-30,448.23,440.2,48,NO_TARGET,60.62,-446.06,54
PFC,2024-06-06,2024-07-30,453.1,547.25,69,NO_TARGET,88.46,6407.89,54
CUMMINSIND,2024-06-06,2024-07-30,3449.16,3757.95,11,NO_TARGET,99.72,3296.97,54
BHARTIARTL,2024-06-06,2024-07-30,1355.49,1464.05,29,NO_TARGET,102.41,3045.83,54
BIOCON,2024-06-06,2024-07-30,308.89,358.4,101,NO_TARGET,86.83,4913.68,54
BANDHANBNK,2024-06-06,2024-07-30,192.31,216.55,172,NO_TARGET,90.04,4079.24,54
ADANIENT,2024-06-06,2024-07-30,3165.75,3066.65,9,NO_TARGET,75.12,-967.02,54
JINDALSTEL,2024-06-06,2024-07-30,1018.72,956.1,34,NO_TARGET,87.09,-2216.17,54
EXIDEIND,2024-06-06,2024-07-30,498.98,530.0,57,NO_TARGET,77.67,1690.47,54
NHPC,2024-07-30,2024-08-02,106.31,103.5,1423,SL,336.0,-4334.63,3
TORNTPOWER,2024-07-29,2024-08-05,1581.87,1763.0,50,FORCED_2DAY_AFTER_TARGET,193.86,8862.64,7
BAJAJFINSV,2024-07-30,2024-08-05,1633.12,1569.05,62,SL,228.47,-4200.81,6
PIDILITIND,2024-08-08,2024-08-12,3211.98,3043.6,23,SL,169.71,-4042.45,4
POLICYBZR,2024-06-27,2024-08-16,1367.96,1564.9709375,42,SL,146.55,8127.91,50
SJVN,2024-08-08,2024-08-22,142.16,135.0,558,SL,181.3,-4176.58,14
ASIANPAINT,2024-07-30,2024-08-26,2979.93,3143.95671875,50,SL,343.29,7858.04,27
INDHOTEL,2024-08-22,2024-08-28,625.36,658.66,225,SL,324.76,7167.74,6
BHARTIHEXA,2024-08-26,2024-09-02,1151.23,1228.30359375,107,SL,287.84,7959.04,7
CGPOWER,2024-07-25,2024-09-17,712.54,715.45,59,NO_TARGET,105.31,66.38,54
KPITTECH,2024-09-13,2024-09-17,1859.2,1740.65,33,SL,142.75,-4054.9,4
COFORGE,2024-08-19,2024-09-18,1224.09,1372.0,60,FORCED_2DAY_AFTER_TARGET,181.53,8693.07,30
INDUSTOWER,2024-09-11,2024-09-19,432.05,416.8,262,SL,254.13,-4249.63,8
CIPLA,2024-08-07,2024-09-30,1550.06,1646.3,51,NO_TARGET,189.62,4718.62,54
TECHM,2024-08-07,2024-09-30,1510.52,1567.85,47,NO_TARGET,170.08,2524.43,54
MARICO,2024-08-08,2024-10-01,655.01,685.0,139,NO_TARGET,214.67,3953.94,54
TATACONSUM,2024-09-10,2024-10-03,1201.93,1168.75,120,SL,320.87,-4302.47,23
NYKAA,2024-09-20,2024-10-03,205.27,194.34,365,SL,171.85,-4161.3,13
HINDPETRO,2024-09-23,2024-10-03,405.32,435.498125,300,SL,285.23,8768.2,10
IGL,2024-09-30,2024-10-07,279.39,269.8,417,SL,261.24,-4260.27,7
CIPLA,2024-10-08,2024-10-11,1653.07,1577.3,52,SL,195.62,-4135.66,3
HAVELLS,2024-10-09,2024-10-17,1964.47,1900.95,62,SL,272.68,-4210.92,8
CHOLAFIN,2024-10-09,2024-10-17,1544.68,1462.0,48,SL,170.19,-4138.83,8
MARICO,2024-10-09,2024-10-17,703.1,673.8,136,SL,216.35,-4201.15,8
SHRIRAMFIN,2024-10-09,2024-10-17,677.97,651.2,149,SL,227.95,-4216.68,8
ETERNAL,2024-10-09,2024-10-18,282.3,261.6,193,SL,127.9,-4123.0,9
BANKBARODA,2024-10-21,2024-10-22,249.99,237.85,329,SL,187.59,-4181.65,1
TORNTPHARM,2024-09-23,2024-10-23,3499.31,3320.95,22,SL,176.34,-4100.26,30
CGPOWER,2024-10-08,2024-10-29,765.81,709.05,70,SL,126.03,-4099.23,21
TORNTPOWER,2024-10-30,2024-10-31,1873.47,1814.9,68,SL,284.67,-4267.43,1
HINDZINC,2024-10-29,2024-11-11,532.15,503.15,137,SL,167.52,-4140.52,13
WIPRO,2024-11-06,2024-11-12,274.06,287.11,574,SL,360.46,7130.24,6
MFSL,2024-11-18,2024-11-19,1241.33,1191.35,80,SL,224.26,-4222.66,1
HDFCBANK,2024-10-21,2024-11-29,1699.46,1793.369375,88,SL,344.55,7919.47,39
OBEROIRLTY,2024-10-11,2024-12-04,1903.07,2087.25,28,NO_TARGET,134.47,5022.57,54
BSE,2024-11-29,2024-12-12,1540.66,1870.0,35,FORCED_2DAY_AFTER_TARGET,142.21,11384.69,13
COFORGE,2024-10-24,2024-12-17,1537.15,1856.0,20,NO_TARGET,87.22,6289.78,54
MAXHEALTH,2024-11-25,2024-12-19,1012.03,1168.91828125,52,SL,136.05,8022.14,24
PATANJALI,2024-11-29,2024-12-20,1809.5,1749.3,66,SL,267.54,-4240.74,21
TECHM,2024-11-07,2024-12-31,1706.24,1682.45,48,NO_TARGET,189.69,-1331.61,54
ICICIBANK,2024-12-26,2024-12-31,1311.02,1287.05,166,SL,478.67,-4457.69,5
HCLTECH,2024-12-03,2024-12-03,1887.94,1887.94,0,EOD_EXIT,0.0,0.0,0
UNITDSPR,2024-12-18,2024-12-18,1575.54,1575.54,0,EOD_EXIT,0.0,0.0,0
PHOENIXLTD,2024-12-24,2024-12-24,1683.37,1683.37,0,EOD_EXIT,0.0,0.0,0
BIOCON,2024-12-27,2024-12-27,349.64,349.64,0,EOD_EXIT,0.0,0.0,0
HUDCO,2025-01-01,2025-01-01,237.6,237.6,0,EOD_EXIT,0.0,0.0,0
APLAPOLLO,2025-01-01,2025-01-01,1587.9,1587.9,0,EOD_EXIT,0.0,0.0,0
