symbol,instrument_key,support_date,signal_date,entry_date,entry_price,stop_loss
ABCAPITAL,NSE_EQ|INE674K01013,2020-10-28,2020-10-28,2020-10-29,66.0,65.56
ABCAPITAL,NSE_EQ|INE674K01013,2021-04-16,2021-04-16,2021-04-19,116.0,118.2
ABCAPITAL,NSE_EQ|INE674K01013,2024-02-02,2024-02-02,2024-02-05,182.0,169.24
ACC,NSE_EQ|INE012A01025,2016-05-23,2016-05-23,2016-05-24,1418.05,1413.58
ACC,NSE_EQ|INE012A01025,2016-08-12,2016-08-12,2016-08-16,1654.3,1623.31
ACC,NSE_EQ|INE012A01025,2016-08-30,2016-08-30,2016-08-31,1688.6,1648.43
ACC,NSE_EQ|INE012A01025,2018-10-01,2018-10-01,2018-10-03,1565.7,1569.49
ACC,NSE_EQ|INE012A01025,2019-05-23,2019-05-23,2019-05-24,1651.95,1620.84
ACC,NSE_EQ|INE012A01025,2021-04-22,2021-04-22,2021-04-23,1825.9,1827.71
ACC,NSE_EQ|INE012A01025,2021-07-06,2021-07-06,2021-07-07,2031.7,1987.45
ACC,NSE_EQ|INE012A01025,2022-05-16,2022-05-16,2022-05-17,2220.0,2173.03
ACC,NSE_EQ|INE012A01025,2022-05-30,2022-05-30,2022-05-31,2214.9,2205.61
ACC,NSE_EQ|INE012A01025,2023-06-28,2023-06-28,2023-06-30,1819.95,1797.62
ADANIENSOL,NSE_EQ|INE931S01010,2015-12-14,2015-12-14,2015-12-15,38.25,35.17
ADANIENSOL,NSE_EQ|INE931S01010,2016-09-28,2016-09-28,2016-09-29,40.0,39.44
ADANIENSOL,NSE_EQ|INE931S01010,2017-03-01,2017-03-01,2017-03-02,64.85,62.36
ADANIENSOL,NSE_EQ|INE931S01010,2019-01-10,2019-01-10,2019-01-11,217.4,211.44
ADANIENSOL,NSE_EQ|INE931S01010,2019-05-20,2019-05-20,2019-05-21,225.0,217.57
ADANIENSOL,NSE_EQ|INE931S01010,2020-07-28,2020-07-28,2020-07-29,237.6,228.51
ADANIENSOL,NSE_EQ|INE931S01010,2020-08-07,2020-08-07,2020-08-10,254.95,238.63
ADANIENSOL,NSE_EQ|INE931S01010,2021-12-14,2021-12-14,2021-12-15,1872.7,1843.7
ADANIENSOL,NSE_EQ|INE931S01010,2023-09-06,2023-09-06,2023-09-07,858.9,815.55
ADANIENT,NSE_EQ|INE423A01024,2017-05-02,2017-05-02,2017-05-03,113.85,111.28
ADANIENT,NSE_EQ|INE423A01024,2019-10-14,2019-10-14,2019-10-15,147.7,138.92
ADANIENT,NSE_EQ|INE423A01024,2020-01-02,2020-01-02,2020-01-03,210.25,207.86
ADANIENT,NSE_EQ|INE423A01024,2021-09-27,2021-09-27,2021-09-28,1557.0,1476.56
ADANIGREEN,NSE_EQ|INE364U01010,2018-12-11,2018-12-11,2018-12-12,45.4,40.86
ADANIGREEN,NSE_EQ|INE364U01010,2021-11-01,2021-11-01,2021-11-02,1178.0,1158.57
ADANIGREEN,NSE_EQ|INE364U01010,2021-11-03,2021-11-03,2021-11-04,1215.0,1164.25
ADANIGREEN,NSE_EQ|INE364U01010,2022-03-17,2022-03-17,2022-03-21,1939.8,1894.23
ADANIGREEN,NSE_EQ|INE364U01010,2023-06-26,2023-06-26,2023-06-27,970.95,947.77
ADANIGREEN,NSE_EQ|INE364U01010,2024-03-14,2024-03-14,2024-03-15,1902.0,1811.57
ADANIGREEN,NSE_EQ|INE364U01010,2024-03-26,2024-03-26,2024-03-27,1869.7,1845.28
ADANIGREEN,NSE_EQ|INE364U01010,2024-09-16,2024-09-16,2024-09-17,1930.8,1831.46
ADANIPORTS,NSE_EQ|INE742F01042,2015-08-25,2015-08-25,2015-08-26,344.0,329.76
ADANIPORTS,NSE_EQ|INE742F01042,2016-10-18,2016-10-18,2016-10-19,269.0,266.07
ADANIPORTS,NSE_EQ|INE742F01042,2017-05-24,2017-05-24,2017-05-25,344.9,336.79
ADANIPORTS,NSE_EQ|INE742F01042,2017-08-28,2017-08-28,2017-08-29,387.85,384.44
ADANIPORTS,NSE_EQ|INE742F01042,2019-05-20,2019-05-20,2019-05-21,409.0,377.92
ADANIPORTS,NSE_EQ|INE742F01042,2020-01-29,2020-01-29,2020-01-30,381.0,376.95
ADANIPORTS,NSE_EQ|INE742F01042,2022-01-05,2022-01-05,2022-01-06,748.9,734.04
ADANIPORTS,NSE_EQ|INE742F01042,2022-12-19,2022-12-19,2022-12-20,894.1,864.57
ADANIPORTS,NSE_EQ|INE742F01042,2024-03-14,2024-03-14,2024-03-15,1273.8,1257.29
ADANIPORTS,NSE_EQ|INE742F01042,2024-06-05,2024-06-05,2024-06-06,1384.0,1348.35
ADANIPOWER,NSE_EQ|INE814H01029,2017-08-30,2017-08-30,2017-08-31,6.5,6.08
ADANIPOWER,NSE_EQ|INE814H01029,2017-12-07,2017-12-07,2017-12-08,7.0,6.6
ADANIPOWER,NSE_EQ|INE814H01029,2019-01-08,2019-01-08,2019-01-09,10.35,10.2
ADANIPOWER,NSE_EQ|INE814H01029,2021-11-23,2021-11-23,2021-11-24,21.4,21.04
ADANIPOWER,NSE_EQ|INE814H01029,2023-06-26,2023-06-26,2023-06-27,51.0,49.76
ADANIPOWER,NSE_EQ|INE814H01029,2024-07-09,2024-07-09,2024-07-10,146.8,141.28
ADANIPOWER,NSE_EQ|INE814H01029,2024-07-30,2024-07-30,2024-07-31,147.1,145.15
AMBUJACEM,NSE_EQ|INE079A01024,2016-08-30,2016-08-30,2016-08-31,275.05,264.66
AMBUJACEM,NSE_EQ|INE079A01024,2019-11-14,2019-11-14,2019-11-15,200.3,200.08
AMBUJACEM,NSE_EQ|INE079A01024,2019-11-22,2019-11-22,2019-11-25,201.0,200.57
AMBUJACEM,NSE_EQ|INE079A01024,2019-11-27,2019-11-27,2019-11-28,204.15,200.61
AMBUJACEM,NSE_EQ|INE079A01024,2020-03-03,2020-03-03,2020-03-04,211.35,207.86
AMBUJACEM,NSE_EQ|INE079A01024,2023-09-11,2023-09-11,2023-09-12,453.9,443.21
APLAPOLLO,NSE_EQ|INE702C01027,2015-08-27,2015-08-27,2015-08-28,44.0,42.83
APLAPOLLO,NSE_EQ|INE702C01027,2015-08-31,2015-08-31,2015-09-01,42.2,43.07
APLAPOLLO,NSE_EQ|INE702C01027,2016-12-21,2016-12-21,2016-12-22,93.0,90.17
APLAPOLLO,NSE_EQ|INE702C01027,2021-05-27,2021-05-27,2021-05-28,669.95,639.53
APLAPOLLO,NSE_EQ|INE702C01027,2021-10-18,2021-10-18,2021-10-19,867.0,858.29
APLAPOLLO,NSE_EQ|INE702C01027,2022-01-19,2022-01-19,2022-01-20,976.0,961.62
APLAPOLLO,NSE_EQ|INE702C01027,2022-07-27,2022-07-27,2022-07-28,900.0,896.52
APLAPOLLO,NSE_EQ|INE702C01027,2022-09-01,2022-09-01,2022-09-02,1037.85,956.41
APLAPOLLO,NSE_EQ|INE702C01027,2022-11-16,2022-11-16,2022-11-17,1084.0,1079.87
APLAPOLLO,NSE_EQ|INE702C01027,2023-01-04,2023-01-04,2023-01-05,1135.0,1105.24
APLAPOLLO,NSE_EQ|INE702C01027,2023-03-17,2023-03-17,2023-03-20,1268.0,1202.03
APLAPOLLO,NSE_EQ|INE702C01027,2023-04-18,2023-04-18,2023-04-19,1235.95,1217.78
APLAPOLLO,NSE_EQ|INE702C01027,2024-05-13,2024-05-13,2024-05-14,1555.0,1548.24
APLAPOLLO,NSE_EQ|INE702C01027,2024-10-29,2024-10-29,2024-10-30,1465.6,1497.99
APOLLOTYRE,NSE_EQ|INE438A01022,2015-08-12,2015-08-12,2015-08-13,188.95,184.38
APOLLOTYRE,NSE_EQ|INE438A01022,2019-04-12,2019-04-12,2019-04-15,215.4,214.78
APOLLOTYRE,NSE_EQ|INE438A01022,2019-04-18,2019-04-18,2019-04-22,216.95,215.86
APOLLOTYRE,NSE_EQ|INE438A01022,2020-08-04,2020-08-04,2020-08-05,116.0,109.71
APOLLOTYRE,NSE_EQ|INE438A01022,2020-09-14,2020-09-14,2020-09-15,125.55,119.66
APOLLOTYRE,NSE_EQ|INE438A01022,2022-05-12,2022-05-12,2022-05-13,195.5,193.78
ASHOKLEY,NSE_EQ|INE208A01029,2017-03-06,2017-03-06,2017-03-07,43.5,42.24
ASHOKLEY,NSE_EQ|INE208A01029,2017-08-11,2017-08-11,2017-08-14,49.9,48.56
ASHOKLEY,NSE_EQ|INE208A01029,2017-08-28,2017-08-28,2017-08-29,50.3,49.54
ASHOKLEY,NSE_EQ|INE208A01029,2018-02-05,2018-02-05,2018-02-06,59.0,58.12
ASHOKLEY,NSE_EQ|INE208A01029,2019-04-09,2019-04-09,2019-04-10,43.5,41.03
ASHOKLEY,NSE_EQ|INE208A01029,2020-06-05,2020-06-05,2020-06-08,22.5,20.37
ASHOKLEY,NSE_EQ|INE208A01029,2020-07-28,2020-07-28,2020-07-29,23.0,22.79
ASHOKLEY,NSE_EQ|INE208A01029,2022-10-04,2022-10-04,2022-10-06,76.1,74.77
ASHOKLEY,NSE_EQ|INE208A01029,2023-01-27,2023-01-27,2023-01-30,72.2,70.5
ASHOKLEY,NSE_EQ|INE208A01029,2023-12-13,2023-12-13,2023-12-14,85.0,84.47
ASHOKLEY,NSE_EQ|INE208A01029,2024-07-22,2024-07-22,2024-07-23,115.65,114.37
ASHOKLEY,NSE_EQ|INE208A01029,2024-12-30,2024-12-30,2024-12-31,111.0,111.44
ASIANPAINT,NSE_EQ|INE021A01026,2016-01-14,2016-01-14,2016-01-15,893.0,861.5
ASIANPAINT,NSE_EQ|INE021A01026,2016-01-22,2016-01-22,2016-01-25,870.0,867.09
ASIANPAINT,NSE_EQ|INE021A01026,2016-02-04,2016-02-04,2016-02-05,889.0,871.35
ASIANPAINT,NSE_EQ|INE021A01026,2016-05-06,2016-05-06,2016-05-09,894.95,871.79
ASIANPAINT,NSE_EQ|INE021A01026,2017-05-25,2017-05-25,2017-05-26,1124.95,1098.34
ASIANPAINT,NSE_EQ|INE021A01026,2018-06-26,2018-06-26,2018-06-27,1279.15,1265.46
ASIANPAINT,NSE_EQ|INE021A01026,2018-07-02,2018-07-02,2018-07-03,1298.6,1274.35
ASIANPAINT,NSE_EQ|INE021A01026,2018-12-11,2018-12-11,2018-12-12,1323.0,1269.53
ASIANPAINT,NSE_EQ|INE021A01026,2019-01-28,2019-01-28,2019-01-29,1377.0,1367.74
ASIANPAINT,NSE_EQ|INE021A01026,2020-02-03,2020-02-03,2020-02-04,1870.0,1779.2
ASIANPAINT,NSE_EQ|INE021A01026,2021-08-03,2021-08-03,2021-08-04,3040.6,3003.55
ASIANPAINT,NSE_EQ|INE021A01026,2022-01-20,2022-01-20,2022-01-21,3300.05,3296.92
ASTRAL,NSE_EQ|INE006I01046,2015-10-05,2015-10-05,2015-10-06,194.0,190.24
ASTRAL,NSE_EQ|INE006I01046,2015-10-13,2015-10-13,2015-10-14,192.05,191.77
ASTRAL,NSE_EQ|INE006I01046,2018-01-05,2018-01-05,2018-01-08,372.65,367.91
ASTRAL,NSE_EQ|INE006I01046,2018-01-09,2018-01-09,2018-01-10,388.75,369.28
ASTRAL,NSE_EQ|INE006I01046,2018-05-24,2018-05-24,2018-05-25,433.7,418.8
ASTRAL,NSE_EQ|INE006I01046,2019-01-30,2019-01-30,2019-01-31,506.55,494.93
ASTRAL,NSE_EQ|INE006I01046,2021-03-26,2021-03-26,2021-03-30,1244.35,1184.51
ASTRAL,NSE_EQ|INE006I01046,2023-01-23,2023-01-23,2023-01-24,1522.45,1504.1
ASTRAL,NSE_EQ|INE006I01046,2023-07-19,2023-07-19,2023-07-20,1908.95,1872.09
ASTRAL,NSE_EQ|INE006I01046,2023-07-21,2023-07-21,2023-07-24,1923.95,1882.88
ATGL,NSE_EQ|INE399L01023,2020-10-20,2020-10-20,2020-10-21,192.2,188.79
ATGL,NSE_EQ|INE399L01023,2022-02-10,2022-02-10,2022-02-11,1796.9,1800.32
ATGL,NSE_EQ|INE399L01023,2022-06-02,2022-06-02,2022-06-03,2467.0,2414.76
ATGL,NSE_EQ|INE399L01023,2024-02-07,2024-02-07,2024-02-08,1059.0,1035.18
AUBANK,NSE_EQ|INE949L01017,2020-01-07,2020-01-07,2020-01-08,397.0,396.15
AUBANK,NSE_EQ|INE949L01017,2020-09-01,2020-09-01,2020-09-02,355.0,348.25
AUBANK,NSE_EQ|INE949L01017,2021-11-23,2021-11-23,2021-11-24,601.5,596.57
AUBANK,NSE_EQ|INE949L01017,2024-07-24,2024-07-24,2024-07-25,657.3,653.97
AUROPHARMA,NSE_EQ|INE406A01037,2015-05-29,2015-05-29,2015-06-01,687.0,657.55
AUROPHARMA,NSE_EQ|INE406A01037,2015-12-14,2015-12-14,2015-12-15,823.9,819.84
AUROPHARMA,NSE_EQ|INE406A01037,2015-12-17,2015-12-17,2015-12-18,829.3,822.59
AUROPHARMA,NSE_EQ|INE406A01037,2016-05-31,2016-05-31,2016-06-01,790.75,770.79
AUROPHARMA,NSE_EQ|INE406A01037,2018-05-11,2018-05-11,2018-05-14,603.0,600.76
AUROPHARMA,NSE_EQ|INE406A01037,2018-10-29,2018-10-29,2018-10-30,771.15,744.84
AUROPHARMA,NSE_EQ|INE406A01037,2021-01-22,2021-01-22,2021-01-25,935.0,906.32
AUROPHARMA,NSE_EQ|INE406A01037,2023-03-14,2023-03-14,2023-03-15,453.05,447.88
AUROPHARMA,NSE_EQ|INE406A01037,2023-10-23,2023-10-23,2023-10-25,878.9,873.23
AXISBANK,NSE_EQ|INE238A01034,2017-03-28,2017-03-28,2017-03-29,506.0,494.96
AXISBANK,NSE_EQ|INE238A01034,2017-04-28,2017-04-28,2017-05-02,509.5,505.72
AXISBANK,NSE_EQ|INE238A01034,2017-07-31,2017-07-31,2017-08-01,518.2,514.05
AXISBANK,NSE_EQ|INE238A01034,2018-02-05,2018-02-05,2018-02-06,543.0,564.46
AXISBANK,NSE_EQ|INE238A01034,2018-09-25,2018-09-25,2018-09-26,619.0,608.0
AXISBANK,NSE_EQ|INE238A01034,2018-12-11,2018-12-11,2018-12-12,604.75,596.61
AXISBANK,NSE_EQ|INE238A01034,2019-12-09,2019-12-09,2019-12-10,731.0,722.13
AXISBANK,NSE_EQ|INE238A01034,2021-01-28,2021-01-28,2021-01-29,671.0,632.84
AXISBANK,NSE_EQ|INE238A01034,2021-03-19,2021-03-19,2021-03-22,719.0,723.54
AXISBANK,NSE_EQ|INE238A01034,2021-07-23,2021-07-23,2021-07-26,754.0,748.86
AXISBANK,NSE_EQ|INE238A01034,2022-02-25,2022-02-25,2022-02-28,749.9,749.82
AXISBANK,NSE_EQ|INE238A01034,2023-07-13,2023-07-13,2023-07-14,964.45,952.03
AXISBANK,NSE_EQ|INE238A01034,2023-07-17,2023-07-17,2023-07-18,964.0,954.2
AXISBANK,NSE_EQ|INE238A01034,2024-06-05,2024-06-05,2024-06-06,1192.1,1118.3
BAJAJFINSV,NSE_EQ|INE918I01026,2015-12-10,2015-12-10,2015-12-11,190.65,190.89
BAJAJFINSV,NSE_EQ|INE918I01026,2015-12-16,2015-12-16,2015-12-17,192.5,192.01
BAJAJFINSV,NSE_EQ|INE918I01026,2016-05-27,2016-05-27,2016-05-30,183.8,181.68
BAJAJFINSV,NSE_EQ|INE918I01026,2016-06-02,2016-06-02,2016-06-03,187.0,182.97
BAJAJFINSV,NSE_EQ|INE918I01026,2018-01-10,2018-01-10,2018-01-11,519.8,515.21
BAJAJFINSV,NSE_EQ|INE918I01026,2018-07-03,2018-07-03,2018-07-04,589.7,580.17
BAJAJFINSV,NSE_EQ|INE918I01026,2020-09-01,2020-09-01,2020-09-02,636.7,634.2
BAJAJFINSV,NSE_EQ|INE918I01026,2021-01-19,2021-01-19,2021-01-20,893.8,883.58
BAJAJFINSV,NSE_EQ|INE918I01026,2021-11-08,2021-11-08,2021-11-09,1832.0,1768.78
BAJFINANCE,NSE_EQ|INE296A01032,2015-06-01,2015-06-01,2015-06-02,44.5,43.23
BAJFINANCE,NSE_EQ|INE296A01032,2016-02-03,2016-02-03,2016-02-04,64.0,58.56
BAJFINANCE,NSE_EQ|INE296A01032,2019-05-09,2019-05-09,2019-05-10,297.0,295.36
BAJFINANCE,NSE_EQ|INE296A01032,2019-05-15,2019-05-15,2019-05-16,301.5,297.38
BAJFINANCE,NSE_EQ|INE296A01032,2019-07-09,2019-07-09,2019-07-10,360.0,344.01
BAJFINANCE,NSE_EQ|INE296A01032,2019-12-17,2019-12-17,2019-12-18,414.0,407.4
BAJFINANCE,NSE_EQ|INE296A01032,2020-10-01,2020-10-01,2020-10-05,346.5,343.07
BAJFINANCE,NSE_EQ|INE296A01032,2020-10-06,2020-10-06,2020-10-07,340.0,344.09
BAJFINANCE,NSE_EQ|INE296A01032,2021-02-01,2021-02-01,2021-02-02,510.0,500.25
BAJFINANCE,NSE_EQ|INE296A01032,2021-08-16,2021-08-16,2021-08-17,641.0,614.48
BAJFINANCE,NSE_EQ|INE296A01032,2022-09-30,2022-09-30,2022-10-03,733.5,728.85
BAJFINANCE,NSE_EQ|INE296A01032,2024-07-12,2024-07-12,2024-07-15,702.0,698.67
BANDHANBNK,NSE_EQ|INE545U01014,2021-11-09,2021-11-09,2021-11-10,306.4,300.36
BANDHANBNK,NSE_EQ|INE545U01014,2022-02-25,2022-02-25,2022-02-28,303.85,297.57
BANDHANBNK,NSE_EQ|INE545U01014,2022-03-22,2022-03-22,2022-03-23,305.55,302.52
BANDHANBNK,NSE_EQ|INE545U01014,2022-05-13,2022-05-13,2022-05-16,324.2,311.46
BANDHANBNK,NSE_EQ|INE545U01014,2022-09-05,2022-09-05,2022-09-06,285.0,279.08
BANKBARODA,NSE_EQ|INE028A01039,2016-07-25,2016-07-25,2016-07-26,156.45,150.39
BANKBARODA,NSE_EQ|INE028A01039,2016-08-04,2016-08-04,2016-08-05,157.7,153.12
BANKBARODA,NSE_EQ|INE028A01039,2017-01-11,2017-01-11,2017-01-12,160.0,159.22
BANKBARODA,NSE_EQ|INE028A01039,2017-03-15,2017-03-15,2017-03-16,167.6,166.17
BANKBARODA,NSE_EQ|INE028A01039,2017-12-18,2017-12-18,2017-12-19,171.35,168.64
BANKBARODA,NSE_EQ|INE028A01039,2021-08-06,2021-08-06,2021-08-09,85.25,82.92
BANKBARODA,NSE_EQ|INE028A01039,2022-09-30,2022-09-30,2022-10-03,131.9,128.55
BANKINDIA,NSE_EQ|INE084A01016,2016-08-12,2016-08-12,2016-08-16,114.9,105.54
BANKINDIA,NSE_EQ|INE084A01016,2020-07-29,2020-07-29,2020-07-30,47.3,46.68
BANKINDIA,NSE_EQ|INE084A01016,2020-08-12,2020-08-12,2020-08-13,49.3,48.78
BANKINDIA,NSE_EQ|INE084A01016,2021-06-21,2021-06-21,2021-06-22,80.0,74.03
BANKINDIA,NSE_EQ|INE084A01016,2022-12-26,2022-12-26,2022-12-27,89.25,79.19
BANKINDIA,NSE_EQ|INE084A01016,2024-05-08,2024-05-08,2024-05-09,143.3,141.29
BDL,NSE_EQ|INE171Z01026,2019-06-11,2019-06-11,2019-06-12,147.0,145.06
BDL,NSE_EQ|INE171Z01026,2021-08-18,2021-08-18,2021-08-20,190.05,190.37
BDL,NSE_EQ|INE171Z01026,2021-08-30,2021-08-30,2021-08-31,196.25,192.49
BDL,NSE_EQ|INE171Z01026,2021-11-29,2021-11-29,2021-11-30,204.0,202.44
BDL,NSE_EQ|INE171Z01026,2023-05-26,2023-05-26,2023-05-29,527.25,498.22
BDL,NSE_EQ|INE171Z01026,2023-07-11,2023-07-11,2023-07-12,616.5,552.8
BDL,NSE_EQ|INE171Z01026,2024-04-03,2024-04-03,2024-04-04,883.25,871.19
BEL,NSE_EQ|INE263A01024,2016-07-25,2016-07-25,2016-07-26,37.9,37.43
BEL,NSE_EQ|INE263A01024,2016-08-05,2016-08-05,2016-08-08,37.55,37.94
BEL,NSE_EQ|INE263A01024,2017-01-03,2017-01-03,2017-01-04,43.45,41.71
BEL,NSE_EQ|INE263A01024,2017-03-09,2017-03-09,2017-03-10,47.25,46.13
BEL,NSE_EQ|INE263A01024,2017-03-31,2017-03-31,2017-04-03,48.25,46.96
BEL,NSE_EQ|INE263A01024,2017-10-12,2017-10-12,2017-10-13,56.65,56.07
BEL,NSE_EQ|INE263A01024,2019-07-09,2019-07-09,2019-07-10,35.8,35.29
BEL,NSE_EQ|INE263A01024,2021-10-29,2021-10-29,2021-11-01,69.25,67.38
BEL,NSE_EQ|INE263A01024,2021-11-08,2021-11-08,2021-11-09,70.8,67.98
BEL,NSE_EQ|INE263A01024,2021-12-13,2021-12-13,2021-12-14,69.8,69.42
BEL,NSE_EQ|INE263A01024,2021-12-29,2021-12-29,2021-12-30,69.95,69.27
BEL,NSE_EQ|INE263A01024,2024-03-14,2024-03-14,2024-03-15,196.75,192.84
BHARATFORG,NSE_EQ|INE465A01025,2017-01-10,2017-01-10,2017-01-11,467.38,457.6
BHARATFORG,NSE_EQ|INE465A01025,2017-02-01,2017-02-01,2017-02-02,484.75,466.3
BHARATFORG,NSE_EQ|INE465A01025,2017-03-31,2017-03-31,2017-04-03,526.2,512.67
BHARATFORG,NSE_EQ|INE465A01025,2017-05-24,2017-05-24,2017-05-25,550.0,541.23
BHARATFORG,NSE_EQ|INE465A01025,2018-01-17,2018-01-17,2018-01-18,735.0,712.73
BHARATFORG,NSE_EQ|INE465A01025,2019-11-11,2019-11-11,2019-11-13,431.25,435.48
BHARATFORG,NSE_EQ|INE465A01025,2021-08-11,2021-08-11,2021-08-12,787.0,772.99
BHARATFORG,NSE_EQ|INE465A01025,2021-11-15,2021-11-15,2021-11-16,780.0,772.24
BHARATFORG,NSE_EQ|INE465A01025,2022-02-11,2022-02-11,2022-02-14,720.0,728.74
BHARATFORG,NSE_EQ|INE465A01025,2023-01-23,2023-01-23,2023-01-24,882.0,868.45
BHARATFORG,NSE_EQ|INE465A01025,2024-01-29,2024-01-29,2024-01-30,1250.0,1207.97
BHARATFORG,NSE_EQ|INE465A01025,2024-01-31,2024-01-31,2024-02-01,1242.0,1213.23
BHARATFORG,NSE_EQ|INE465A01025,2024-07-22,2024-07-22,2024-07-23,1630.0,1621.42
BHARTIARTL,NSE_EQ|INE397D01024,2016-06-17,2016-06-17,2016-06-20,349.45,349.03
BHARTIARTL,NSE_EQ|INE397D01024,2016-08-04,2016-08-04,2016-08-05,360.45,354.09
BHARTIARTL,NSE_EQ|INE397D01024,2018-12-26,2018-12-26,2018-12-27,317.25,303.72
BHARTIARTL,NSE_EQ|INE397D01024,2019-05-14,2019-05-14,2019-05-15,329.8,328.6
BHARTIARTL,NSE_EQ|INE397D01024,2022-12-19,2022-12-19,2022-12-20,839.75,826.6
BHARTIARTL,NSE_EQ|INE397D01024,2024-06-05,2024-06-05,2024-06-06,1359.0,1302.12
BHARTIARTL,NSE_EQ|INE397D01024,2024-08-08,2024-08-08,2024-08-09,1465.0,1444.32
BHARTIARTL,NSE_EQ|INE397D01024,2024-08-21,2024-08-21,2024-08-22,1473.7,1452.29
BHEL,NSE_EQ|INE257A01026,2015-08-10,2015-08-10,2015-08-11,182.47,176.57
BHEL,NSE_EQ|INE257A01026,2016-05-25,2016-05-25,2016-05-26,82.5,81.33
BHEL,NSE_EQ|INE257A01026,2018-10-24,2018-10-24,2018-10-25,74.9,75.23
BHEL,NSE_EQ|INE257A01026,2021-06-21,2021-06-21,2021-06-22,69.0,64.58
BHEL,NSE_EQ|INE257A01026,2023-01-05,2023-01-05,2023-01-06,82.3,79.57
BIOCON,NSE_EQ|INE376G01013,2015-04-22,2015-04-22,2015-04-23,78.15,74.23
BIOCON,NSE_EQ|INE376G01013,2017-03-03,2017-03-03,2017-03-06,179.3,173.06
BIOCON,NSE_EQ|INE376G01013,2017-04-25,2017-04-25,2017-04-26,196.5,185.29
BIOCON,NSE_EQ|INE376G01013,2018-02-21,2018-02-21,2018-02-22,290.5,286.49
BIOCON,NSE_EQ|INE376G01013,2020-01-16,2020-01-16,2020-01-17,288.5,283.08
BIOCON,NSE_EQ|INE376G01013,2020-02-05,2020-02-05,2020-02-06,295.5,290.71
BIOCON,NSE_EQ|INE376G01013,2020-08-10,2020-08-10,2020-08-11,415.0,404.54
BIOCON,NSE_EQ|INE376G01013,2021-04-16,2021-04-16,2021-04-19,412.85,402.53
BIOCON,NSE_EQ|INE376G01013,2021-07-14,2021-07-14,2021-07-15,400.35,394.76
BIOCON,NSE_EQ|INE376G01013,2021-07-23,2021-07-23,2021-07-26,398.15,397.42
BIOCON,NSE_EQ|INE376G01013,2021-12-22,2021-12-22,2021-12-23,360.8,356.61
BPCL,NSE_EQ|INE029A01011,2015-03-24,2015-03-24,2015-03-25,112.8,111.21
BPCL,NSE_EQ|INE029A01011,2016-01-14,2016-01-14,2016-01-15,141.3,139.69
BPCL,NSE_EQ|INE029A01011,2016-11-28,2016-11-28,2016-11-29,207.2,205.55
BPCL,NSE_EQ|INE029A01011,2020-08-20,2020-08-20,2020-08-21,199.0,193.43
BPCL,NSE_EQ|INE029A01011,2023-06-28,2023-06-28,2023-06-30,172.4,171.98
BPCL,NSE_EQ|INE029A01011,2023-07-03,2023-07-03,2023-07-04,177.15,172.28
BPCL,NSE_EQ|INE029A01011,2024-04-02,2024-04-02,2024-04-03,306.5,302.22
BSE,NSE_EQ|INE118H01025,2021-08-30,2021-08-30,2021-08-31,133.5,124.4
BSE,NSE_EQ|INE118H01025,2022-01-25,2022-01-25,2022-01-27,220.0,214.97
BSE,NSE_EQ|INE118H01025,2022-09-05,2022-09-05,2022-09-06,221.0,217.48
CANBK,NSE_EQ|INE476A01022,2016-11-15,2016-11-15,2016-11-16,64.4,62.15
CANBK,NSE_EQ|INE476A01022,2021-08-26,2021-08-26,2021-08-27,30.65,30.51
CANBK,NSE_EQ|INE476A01022,2022-12-28,2022-12-28,2022-12-29,62.9,62.36
CANBK,NSE_EQ|INE476A01022,2023-08-23,2023-08-23,2023-08-24,67.0,65.34
CANBK,NSE_EQ|INE476A01022,2023-10-26,2023-10-26,2023-10-27,72.35,71.58
CANBK,NSE_EQ|INE476A01022,2024-03-14,2024-03-14,2024-03-15,109.4,107.16
CGPOWER,NSE_EQ|INE067A01029,2017-06-21,2017-06-21,2017-06-22,86.0,84.42
CGPOWER,NSE_EQ|INE067A01029,2018-08-09,2018-08-09,2018-08-10,61.15,58.45
CGPOWER,NSE_EQ|INE067A01029,2021-01-14,2021-01-14,2021-01-15,43.15,42.14
CGPOWER,NSE_EQ|INE067A01029,2021-01-20,2021-01-20,2021-01-21,43.5,42.65
CGPOWER,NSE_EQ|INE067A01029,2022-02-03,2022-02-03,2022-02-04,183.45,180.66
CGPOWER,NSE_EQ|INE067A01029,2022-09-30,2022-09-30,2022-10-03,232.65,232.59
CGPOWER,NSE_EQ|INE067A01029,2022-10-06,2022-10-06,2022-10-07,242.3,233.34
CGPOWER,NSE_EQ|INE067A01029,2024-07-24,2024-07-24,2024-07-25,700.0,686.68
CGPOWER,NSE_EQ|INE067A01029,2024-08-09,2024-08-09,2024-08-12,711.0,706.01
CGPOWER,NSE_EQ|INE067A01029,2024-08-20,2024-08-20,2024-08-21,737.15,712.0
CHOLAFIN,NSE_EQ|INE121A01024,2015-04-27,2015-04-27,2015-04-28,121.5,117.22
CHOLAFIN,NSE_EQ|INE121A01024,2016-10-28,2016-10-28,2016-11-01,237.15,229.37
CHOLAFIN,NSE_EQ|INE121A01024,2017-09-06,2017-09-06,2017-09-07,234.8,230.9
CHOLAFIN,NSE_EQ|INE121A01024,2017-09-18,2017-09-18,2017-09-19,233.8,232.21
CHOLAFIN,NSE_EQ|INE121A01024,2018-02-01,2018-02-01,2018-02-02,267.0,260.45
CHOLAFIN,NSE_EQ|INE121A01024,2018-12-19,2018-12-19,2018-12-20,255.55,250.6
CHOLAFIN,NSE_EQ|INE121A01024,2019-12-12,2019-12-12,2019-12-13,314.0,303.28
CHOLAFIN,NSE_EQ|INE121A01024,2020-01-02,2020-01-02,2020-01-03,310.5,308.85
CHOLAFIN,NSE_EQ|INE121A01024,2021-04-13,2021-04-13,2021-04-15,527.5,530.52
CHOLAFIN,NSE_EQ|INE121A01024,2021-05-11,2021-05-11,2021-05-12,558.9,550.23
CHOLAFIN,NSE_EQ|INE121A01024,2021-05-20,2021-05-20,2021-05-21,575.3,551.2
CHOLAFIN,NSE_EQ|INE121A01024,2023-03-17,2023-03-17,2023-03-20,757.0,750.06
CHOLAFIN,NSE_EQ|INE121A01024,2023-03-21,2023-03-21,2023-03-22,756.0,752.28
CHOLAFIN,NSE_EQ|INE121A01024,2024-05-31,2024-05-31,2024-06-03,1270.0,1219.7
CHOLAFIN,NSE_EQ|INE121A01024,2024-07-26,2024-07-26,2024-07-29,1415.0,1377.52
CHOLAFIN,NSE_EQ|INE121A01024,2024-10-08,2024-10-08,2024-10-09,1539.0,1484.94
CIPLA,NSE_EQ|INE059A01026,2017-02-02,2017-02-02,2017-02-03,584.3,574.43
CIPLA,NSE_EQ|INE059A01026,2017-08-14,2017-08-14,2017-08-16,569.5,553.66
CIPLA,NSE_EQ|INE059A01026,2017-08-24,2017-08-24,2017-08-28,575.5,557.68
CIPLA,NSE_EQ|INE059A01026,2017-09-14,2017-09-14,2017-09-15,564.85,563.54
CIPLA,NSE_EQ|INE059A01026,2020-01-07,2020-01-07,2020-01-08,467.8,467.54
CIPLA,NSE_EQ|INE059A01026,2020-09-15,2020-09-15,2020-09-16,743.95,724.26
CIPLA,NSE_EQ|INE059A01026,2021-02-02,2021-02-02,2021-02-03,826.0,808.33
CIPLA,NSE_EQ|INE059A01026,2022-01-13,2022-01-13,2022-01-14,926.05,913.6
CIPLA,NSE_EQ|INE059A01026,2022-07-13,2022-07-13,2022-07-14,953.4,952.02
CIPLA,NSE_EQ|INE059A01026,2023-11-29,2023-11-29,2023-11-30,1200.0,1198.04
CIPLA,NSE_EQ|INE059A01026,2024-03-21,2024-03-21,2024-03-22,1453.0,1437.51
CIPLA,NSE_EQ|INE059A01026,2024-10-07,2024-10-07,2024-10-08,1624.65,1616.72
COALINDIA,NSE_EQ|INE522F01014,2018-09-19,2018-09-19,2018-09-21,267.95,262.06
COALINDIA,NSE_EQ|INE522F01014,2022-02-25,2022-02-25,2022-02-28,147.2,144.12
COALINDIA,NSE_EQ|INE522F01014,2022-10-12,2022-10-12,2022-10-13,216.95,210.59
COCHINSHIP,NSE_EQ|INE704P01025,2018-01-19,2018-01-19,2018-01-22,279.7,276.46
COCHINSHIP,NSE_EQ|INE704P01025,2020-10-07,2020-10-07,2020-10-08,172.25,168.74
COFORGE,NSE_EQ|INE591G01025,2015-08-31,2015-08-31,2015-09-01,93.0,92.49
COFORGE,NSE_EQ|INE591G01025,2017-01-18,2017-01-18,2017-01-19,87.0,84.73
COFORGE,NSE_EQ|INE591G01025,2018-06-06,2018-06-06,2018-06-07,212.0,205.8
COFORGE,NSE_EQ|INE591G01025,2018-07-20,2018-07-20,2018-07-23,223.5,220.09
COFORGE,NSE_EQ|INE591G01025,2019-07-10,2019-07-10,2019-07-11,262.5,260.9
COFORGE,NSE_EQ|INE591G01025,2021-01-20,2021-01-20,2021-01-21,527.5,514.51
COFORGE,NSE_EQ|INE591G01025,2021-02-08,2021-02-08,2021-02-09,524.5,517.98
COFORGE,NSE_EQ|INE591G01025,2022-12-16,2022-12-16,2022-12-19,790.0,778.88
COFORGE,NSE_EQ|INE591G01025,2023-01-02,2023-01-02,2023-01-03,792.0,781.41
COLPAL,NSE_EQ|INE259A01022,2015-08-06,2015-08-06,2015-08-07,1020.4,1000.66
COLPAL,NSE_EQ|INE259A01022,2017-08-03,2017-08-03,2017-08-04,1070.0,1079.4
COLPAL,NSE_EQ|INE259A01022,2017-10-12,2017-10-12,2017-10-13,1108.0,1099.29
COLPAL,NSE_EQ|INE259A01022,2020-06-09,2020-06-09,2020-06-10,1377.1,1369.29
COLPAL,NSE_EQ|INE259A01022,2022-10-25,2022-10-25,2022-10-27,1627.15,1601.47
COLPAL,NSE_EQ|INE259A01022,2024-02-29,2024-02-29,2024-03-01,2534.0,2515.48
CONCOR,NSE_EQ|INE111A01025,2015-04-27,2015-04-27,2015-04-28,409.1,410.51
CONCOR,NSE_EQ|INE111A01025,2017-02-27,2017-02-27,2017-02-28,312.05,307.04
CONCOR,NSE_EQ|INE111A01025,2017-03-28,2017-03-28,2017-03-29,319.25,315.91
CONCOR,NSE_EQ|INE111A01025,2017-09-28,2017-09-28,2017-09-29,420.05,407.2
CONCOR,NSE_EQ|INE111A01025,2017-10-23,2017-10-23,2017-10-24,428.8,423.96
CONCOR,NSE_EQ|INE111A01025,2018-08-31,2018-08-31,2018-09-03,418.6,413.51
CONCOR,NSE_EQ|INE111A01025,2018-09-07,2018-09-07,2018-09-10,419.85,413.53
CONCOR,NSE_EQ|INE111A01025,2021-04-30,2021-04-30,2021-05-03,472.0,456.87
CONCOR,NSE_EQ|INE111A01025,2021-05-06,2021-05-06,2021-05-07,465.5,457.18
CONCOR,NSE_EQ|INE111A01025,2022-09-07,2022-09-07,2022-09-08,587.95,547.43
CONCOR,NSE_EQ|INE111A01025,2023-06-21,2023-06-21,2023-06-22,523.2,516.42
CONCOR,NSE_EQ|INE111A01025,2024-01-29,2024-01-29,2024-01-30,694.4,677.97
CUMMINSIND,NSE_EQ|INE298A01020,2015-09-18,2015-09-18,2015-09-21,1085.0,1081.55
CUMMINSIND,NSE_EQ|INE298A01020,2016-08-04,2016-08-04,2016-08-05,839.3,828.7
CUMMINSIND,NSE_EQ|INE298A01020,2016-09-27,2016-09-27,2016-09-28,903.3,897.4
CUMMINSIND,NSE_EQ|INE298A01020,2017-10-27,2017-10-27,2017-10-30,907.1,910.86
CUMMINSIND,NSE_EQ|INE298A01020,2019-04-23,2019-04-23,2019-04-24,741.6,726.53
CUMMINSIND,NSE_EQ|INE298A01020,2019-07-08,2019-07-08,2019-07-09,748.3,747.91
CUMMINSIND,NSE_EQ|INE298A01020,2020-06-19,2020-06-19,2020-06-22,380.0,372.08
CUMMINSIND,NSE_EQ|INE298A01020,2020-07-28,2020-07-28,2020-07-29,397.0,392.36
CUMMINSIND,NSE_EQ|INE298A01020,2021-04-26,2021-04-26,2021-04-27,884.4,851.07
CUMMINSIND,NSE_EQ|INE298A01020,2023-02-02,2023-02-02,2023-02-03,1454.0,1437.44
CUMMINSIND,NSE_EQ|INE298A01020,2024-06-05,2024-06-05,2024-06-06,3454.55,3383.99
DABUR,NSE_EQ|INE016A01026,2017-05-10,2017-05-10,2017-05-11,284.0,281.77
DABUR,NSE_EQ|INE016A01026,2017-08-28,2017-08-28,2017-08-29,313.0,303.36
DABUR,NSE_EQ|INE016A01026,2017-09-15,2017-09-15,2017-09-18,310.5,307.57
DABUR,NSE_EQ|INE016A01026,2017-09-19,2017-09-19,2017-09-20,316.8,307.95
DABUR,NSE_EQ|INE016A01026,2017-09-25,2017-09-25,2017-09-26,314.9,308.69
DABUR,NSE_EQ|INE016A01026,2017-09-28,2017-09-28,2017-09-29,313.0,308.82
DABUR,NSE_EQ|INE016A01026,2019-09-24,2019-09-24,2019-09-25,452.0,436.22
DABUR,NSE_EQ|INE016A01026,2019-11-20,2019-11-20,2019-11-21,470.0,457.15
DABUR,NSE_EQ|INE016A01026,2020-07-28,2020-07-28,2020-07-29,476.75,466.13
DABUR,NSE_EQ|INE016A01026,2020-09-30,2020-09-30,2020-10-01,515.75,497.61
DABUR,NSE_EQ|INE016A01026,2020-11-12,2020-11-12,2020-11-13,520.0,512.07
DABUR,NSE_EQ|INE016A01026,2021-02-11,2021-02-11,2021-02-12,539.3,527.43
DABUR,NSE_EQ|INE016A01026,2021-08-13,2021-08-13,2021-08-16,588.2,583.9
DABUR,NSE_EQ|INE016A01026,2023-01-05,2023-01-05,2023-01-06,573.15,570.78
DLF,NSE_EQ|INE271C01023,2016-08-30,2016-08-30,2016-08-31,164.25,159.17
DLF,NSE_EQ|INE271C01023,2017-07-31,2017-07-31,2017-08-01,194.5,191.84
DLF,NSE_EQ|INE271C01023,2019-04-12,2019-04-12,2019-04-15,183.0,180.59
DLF,NSE_EQ|INE271C01023,2023-10-27,2023-10-27,2023-10-30,537.0,529.91
DLF,NSE_EQ|INE271C01023,2024-04-30,2024-04-30,2024-05-02,888.2,888.97
DLF,NSE_EQ|INE271C01023,2024-08-30,2024-08-30,2024-09-02,850.0,839.46
DRREDDY,NSE_EQ|INE089A01031,2016-10-25,2016-10-25,2016-10-26,641.2,621.97
DRREDDY,NSE_EQ|INE089A01031,2017-11-21,2017-11-21,2017-11-22,473.0,473.31
DRREDDY,NSE_EQ|INE089A01031,2018-10-09,2018-10-09,2018-10-10,493.0,488.96
DRREDDY,NSE_EQ|INE089A01031,2018-10-15,2018-10-15,2018-10-16,513.4,493.31
DRREDDY,NSE_EQ|INE089A01031,2019-01-22,2019-01-22,2019-01-23,527.95,522.79
DRREDDY,NSE_EQ|INE089A01031,2019-03-15,2019-03-15,2019-03-18,531.7,530.82
DRREDDY,NSE_EQ|INE089A01031,2020-07-14,2020-07-14,2020-07-15,797.8,787.5
DRREDDY,NSE_EQ|INE089A01031,2020-09-07,2020-09-07,2020-09-08,893.0,864.55
DRREDDY,NSE_EQ|INE089A01031,2020-09-09,2020-09-09,2020-09-10,892.0,869.08
DRREDDY,NSE_EQ|INE089A01031,2020-09-15,2020-09-15,2020-09-16,891.0,877.09
DRREDDY,NSE_EQ|INE089A01031,2021-01-19,2021-01-19,2021-01-20,1020.45,1013.85
DRREDDY,NSE_EQ|INE089A01031,2023-03-10,2023-03-10,2023-03-13,875.0,877.99
DRREDDY,NSE_EQ|INE089A01031,2023-03-17,2023-03-17,2023-03-20,886.2,880.12
ESCORTS,NSE_EQ|INE042A01014,2017-08-01,2017-08-01,2017-08-02,707.0,688.14
ESCORTS,NSE_EQ|INE042A01014,2017-11-14,2017-11-14,2017-11-15,707.1,693.63
ESCORTS,NSE_EQ|INE042A01014,2017-11-29,2017-11-29,2017-11-30,707.0,701.15
ESCORTS,NSE_EQ|INE042A01014,2018-05-29,2018-05-29,2018-05-30,925.0,927.21
ESCORTS,NSE_EQ|INE042A01014,2019-12-02,2019-12-02,2019-12-03,658.25,639.87
ESCORTS,NSE_EQ|INE042A01014,2020-09-09,2020-09-09,2020-09-10,1208.9,1136.53
ESCORTS,NSE_EQ|INE042A01014,2022-10-31,2022-10-31,2022-11-01,2048.0,2025.91
ESCORTS,NSE_EQ|INE042A01014,2024-07-26,2024-07-26,2024-07-29,4185.95,4062.65
ETERNAL,NSE_EQ|INE758T01015,2021-10-18,2021-10-18,2021-10-19,144.9,136.68
ETERNAL,NSE_EQ|INE758T01015,2022-11-30,2022-11-30,2022-12-01,66.5,64.17
ETERNAL,NSE_EQ|INE758T01015,2024-10-08,2024-10-08,2024-10-09,279.0,266.94
ETERNAL,NSE_EQ|INE758T01015,2024-12-30,2024-12-30,2024-12-31,278.0,272.82
EXIDEIND,NSE_EQ|INE302A01020,2017-05-04,2017-05-04,2017-05-05,237.95,222.92
EXIDEIND,NSE_EQ|INE302A01020,2019-01-15,2019-01-15,2019-01-16,257.35,257.23
EXIDEIND,NSE_EQ|INE302A01020,2020-06-12,2020-06-12,2020-06-15,155.0,153.04
EXIDEIND,NSE_EQ|INE302A01020,2021-02-01,2021-02-01,2021-02-02,196.8,193.05
EXIDEIND,NSE_EQ|INE302A01020,2021-11-08,2021-11-08,2021-11-09,184.0,181.54
FEDERALBNK,NSE_EQ|INE171A01029,2019-01-18,2019-01-18,2019-01-21,90.45,88.95
FEDERALBNK,NSE_EQ|INE171A01029,2020-01-08,2020-01-08,2020-01-09,87.95,86.62
FEDERALBNK,NSE_EQ|INE171A01029,2020-08-07,2020-08-07,2020-08-10,54.95,52.65
FEDERALBNK,NSE_EQ|INE171A01029,2020-12-22,2020-12-22,2020-12-23,62.15,59.7
FEDERALBNK,NSE_EQ|INE171A01029,2022-02-25,2022-02-25,2022-02-28,96.1,95.86
FEDERALBNK,NSE_EQ|INE171A01029,2022-03-16,2022-03-16,2022-03-17,99.65,97.65
FEDERALBNK,NSE_EQ|INE171A01029,2022-09-30,2022-09-30,2022-10-03,119.35,114.68
FEDERALBNK,NSE_EQ|INE171A01029,2022-12-08,2022-12-08,2022-12-09,136.4,132.27
FEDERALBNK,NSE_EQ|INE171A01029,2024-06-05,2024-06-05,2024-06-06,167.7,159.17
GAIL,NSE_EQ|INE129A01019,2016-01-22,2016-01-22,2016-01-25,64.05,61.55
GAIL,NSE_EQ|INE129A01019,2017-03-30,2017-03-30,2017-03-31,89.4,88.55
GAIL,NSE_EQ|INE129A01019,2018-06-29,2018-06-29,2018-07-02,107.95,106.3
GAIL,NSE_EQ|INE129A01019,2018-08-30,2018-08-30,2018-08-31,120.45,116.51
GAIL,NSE_EQ|INE129A01019,2020-02-11,2020-02-11,2020-02-12,80.95,76.64
GAIL,NSE_EQ|INE129A01019,2023-11-28,2023-11-28,2023-11-29,119.7,118.55
GAIL,NSE_EQ|INE129A01019,2024-03-14,2024-03-14,2024-03-15,176.6,174.46
GAIL,NSE_EQ|INE129A01019,2024-03-26,2024-03-26,2024-03-27,182.85,176.91
GAIL,NSE_EQ|INE129A01019,2024-06-06,2024-06-06,2024-06-07,211.2,201.35
GLENMARK,NSE_EQ|INE935A01035,2018-09-25,2018-09-25,2018-09-26,640.85,625.2
GLENMARK,NSE_EQ|INE935A01035,2019-05-03,2019-05-03,2019-05-06,631.5,632.46
GLENMARK,NSE_EQ|INE935A01035,2020-10-16,2020-10-16,2020-10-19,493.4,484.28
GLENMARK,NSE_EQ|INE935A01035,2022-10-12,2022-10-12,2022-10-13,388.95,383.88
GLENMARK,NSE_EQ|INE935A01035,2022-12-21,2022-12-21,2022-12-22,445.7,420.91
GLENMARK,NSE_EQ|INE935A01035,2024-02-20,2024-02-20,2024-02-21,890.0,867.3
GLENMARK,NSE_EQ|INE935A01035,2024-05-24,2024-05-24,2024-05-27,1031.25,1019.62
GODREJCP,NSE_EQ|INE102D01028,2015-08-28,2015-08-28,2015-08-31,440.03,422.12
GODREJCP,NSE_EQ|INE102D01028,2016-05-09,2016-05-09,2016-05-10,450.33,443.02
GODREJCP,NSE_EQ|INE102D01028,2017-08-03,2017-08-03,2017-08-04,646.0,643.55
GODREJCP,NSE_EQ|INE102D01028,2017-11-01,2017-11-01,2017-11-02,650.63,626.96
GODREJCP,NSE_EQ|INE102D01028,2017-11-28,2017-11-28,2017-11-29,658.87,634.35
GODREJCP,NSE_EQ|INE102D01028,2018-04-16,2018-04-16,2018-04-17,721.3,713.23
GODREJCP,NSE_EQ|INE102D01028,2019-01-17,2019-01-17,2019-01-18,793.3,776.8
GODREJCP,NSE_EQ|INE102D01028,2019-06-18,2019-06-18,2019-06-19,672.05,664.12
GODREJCP,NSE_EQ|INE102D01028,2020-12-22,2020-12-22,2020-12-23,717.0,695.0
GODREJCP,NSE_EQ|INE102D01028,2022-05-26,2022-05-26,2022-05-27,783.0,769.38
GODREJCP,NSE_EQ|INE102D01028,2023-01-31,2023-01-31,2023-02-01,927.0,901.59
GODREJCP,NSE_EQ|INE102D01028,2023-02-28,2023-02-28,2023-03-01,923.35,920.9
GODREJCP,NSE_EQ|INE102D01028,2023-03-03,2023-03-03,2023-03-06,926.0,923.04
GODREJCP,NSE_EQ|INE102D01028,2023-03-16,2023-03-16,2023-03-17,934.0,925.26
GODREJCP,NSE_EQ|INE102D01028,2023-07-20,2023-07-20,2023-07-21,1064.95,1053.76
GODREJCP,NSE_EQ|INE102D01028,2024-03-14,2024-03-14,2024-03-15,1217.0,1207.69
GODREJCP,NSE_EQ|INE102D01028,2024-03-18,2024-03-18,2024-03-19,1249.4,1211.44
GODREJCP,NSE_EQ|INE102D01028,2024-03-27,2024-03-27,2024-03-28,1235.95,1224.47
GODREJPROP,NSE_EQ|INE484J01027,2016-08-05,2016-08-05,2016-08-08,363.5,353.56
GODREJPROP,NSE_EQ|INE484J01027,2019-10-24,2019-10-24,2019-10-25,985.0,954.5
GODREJPROP,NSE_EQ|INE484J01027,2019-11-06,2019-11-06,2019-11-07,1025.0,972.77
GODREJPROP,NSE_EQ|INE484J01027,2020-11-06,2020-11-06,2020-11-09,964.0,923.39
GODREJPROP,NSE_EQ|INE484J01027,2021-02-05,2021-02-05,2021-02-08,1411.0,1359.81
GODREJPROP,NSE_EQ|INE484J01027,2021-09-01,2021-09-01,2021-09-02,1568.3,1521.92
GRASIM,NSE_EQ|INE047A01021,2015-11-13,2015-11-13,2015-11-16,722.15,714.08
GRASIM,NSE_EQ|INE047A01021,2015-12-22,2015-12-22,2015-12-23,743.5,734.31
GRASIM,NSE_EQ|INE047A01021,2015-12-29,2015-12-29,2015-12-30,746.6,736.11
GRASIM,NSE_EQ|INE047A01021,2017-06-22,2017-06-22,2017-06-23,1171.35,1138.33
GRASIM,NSE_EQ|INE047A01021,2020-07-31,2020-07-31,2020-08-03,627.5,603.87
GRASIM,NSE_EQ|INE047A01021,2021-04-30,2021-04-30,2021-05-03,1391.05,1355.02
GRASIM,NSE_EQ|INE047A01021,2021-05-26,2021-05-26,2021-05-27,1409.35,1386.28
GRASIM,NSE_EQ|INE047A01021,2021-12-10,2021-12-10,2021-12-13,1755.0,1732.56
GRASIM,NSE_EQ|INE047A01021,2023-06-02,2023-06-02,2023-06-05,1712.2,1701.26
GRASIM,NSE_EQ|INE047A01021,2024-02-07,2024-02-07,2024-02-08,2123.0,2087.92
GRASIM,NSE_EQ|INE047A01021,2024-03-14,2024-03-14,2024-03-15,2185.1,2144.87
HAVELLS,NSE_EQ|INE176B01034,2016-02-01,2016-02-01,2016-02-02,305.1,298.11
HAVELLS,NSE_EQ|INE176B01034,2016-09-28,2016-09-28,2016-09-29,422.95,408.84
HAVELLS,NSE_EQ|INE176B01034,2018-01-22,2018-01-22,2018-01-23,565.0,540.28
HAVELLS,NSE_EQ|INE176B01034,2019-02-28,2019-02-28,2019-03-01,717.5,699.74
HAVELLS,NSE_EQ|INE176B01034,2023-02-28,2023-02-28,2023-03-01,1197.05,1183.9
HAVELLS,NSE_EQ|INE176B01034,2023-03-21,2023-03-21,2023-03-22,1203.95,1198.94
HAVELLS,NSE_EQ|INE176B01034,2024-07-03,2024-07-03,2024-07-04,1887.5,1814.68
HAVELLS,NSE_EQ|INE176B01034,2024-10-08,2024-10-08,2024-10-09,1934.1,1927.19
HCLTECH,NSE_EQ|INE860A01027,2015-08-12,2015-08-12,2015-08-13,488.9,470.86
HCLTECH,NSE_EQ|INE860A01027,2016-09-16,2016-09-16,2016-09-19,395.0,388.31
HCLTECH,NSE_EQ|INE860A01027,2018-02-21,2018-02-21,2018-02-22,471.5,466.72
HCLTECH,NSE_EQ|INE860A01027,2018-03-07,2018-03-07,2018-03-08,476.5,473.02
HCLTECH,NSE_EQ|INE860A01027,2018-03-16,2018-03-16,2018-03-19,481.35,477.76
HCLTECH,NSE_EQ|INE860A01027,2018-03-23,2018-03-23,2018-03-26,478.6,478.15
HCLTECH,NSE_EQ|INE860A01027,2018-03-28,2018-03-28,2018-04-02,483.15,478.48
HCLTECH,NSE_EQ|INE860A01027,2019-03-15,2019-03-15,2019-03-18,516.05,510.7
HCLTECH,NSE_EQ|INE860A01027,2019-09-30,2019-09-30,2019-10-01,540.5,531.46
HCLTECH,NSE_EQ|INE860A01027,2019-10-23,2019-10-23,2019-10-24,577.55,538.34
HCLTECH,NSE_EQ|INE860A01027,2019-12-27,2019-12-27,2019-12-30,567.0,564.62
HCLTECH,NSE_EQ|INE860A01027,2020-11-26,2020-11-26,2020-11-27,842.0,837.95
HCLTECH,NSE_EQ|INE860A01027,2021-07-22,2021-07-22,2021-07-23,984.7,971.87
HCLTECH,NSE_EQ|INE860A01027,2022-04-07,2022-04-07,2022-04-08,1179.0,1166.57
HCLTECH,NSE_EQ|INE860A01027,2023-10-13,2023-10-13,2023-10-16,1263.0,1226.17
HCLTECH,NSE_EQ|INE860A01027,2024-03-14,2024-03-14,2024-03-15,1677.0,1618.63
HDFCBANK,NSE_EQ|INE040A01034,2017-09-28,2017-09-28,2017-09-29,450.0,446.86
HDFCBANK,NSE_EQ|INE040A01034,2019-02-08,2019-02-08,2019-02-11,528.3,527.33
HDFCBANK,NSE_EQ|INE040A01034,2021-03-30,2021-03-30,2021-03-31,774.0,768.08
HDFCBANK,NSE_EQ|INE040A01034,2021-07-13,2021-07-13,2021-07-14,748.8,743.9
HDFCBANK,NSE_EQ|INE040A01034,2022-07-15,2022-07-15,2022-07-18,674.0,675.22
HDFCBANK,NSE_EQ|INE040A01034,2023-02-01,2023-02-01,2023-02-02,804.0,811.9
HDFCLIFE,NSE_EQ|INE795G01014,2021-02-23,2021-02-23,2021-02-24,712.05,693.7
HDFCLIFE,NSE_EQ|INE795G01014,2022-09-20,2022-09-20,2022-09-21,558.0,556.33
HDFCLIFE,NSE_EQ|INE795G01014,2024-10-16,2024-10-16,2024-10-17,730.0,720.1
HDFCLIFE,NSE_EQ|INE795G01014,2024-10-18,2024-10-18,2024-10-21,748.85,722.2
HINDALCO,NSE_EQ|INE038A01020,2017-07-11,2017-07-11,2017-07-12,201.75,195.78
HINDALCO,NSE_EQ|INE038A01020,2018-10-01,2018-10-01,2018-10-03,241.7,229.08
HINDALCO,NSE_EQ|INE038A01020,2019-07-22,2019-07-22,2019-07-23,202.05,199.3
HINDALCO,NSE_EQ|INE038A01020,2020-09-16,2020-09-16,2020-09-17,182.7,178.99
HINDALCO,NSE_EQ|INE038A01020,2021-07-05,2021-07-05,2021-07-06,389.4,386.36
HINDALCO,NSE_EQ|INE038A01020,2023-10-10,2023-10-10,2023-10-11,485.65,469.27
HINDALCO,NSE_EQ|INE038A01020,2024-01-24,2024-01-24,2024-01-25,566.5,555.99
HINDPETRO,NSE_EQ|INE094A01015,2015-04-22,2015-04-22,2015-04-23,86.75,83.52
HINDPETRO,NSE_EQ|INE094A01015,2017-03-03,2017-03-03,2017-03-06,223.45,220.92
HINDPETRO,NSE_EQ|INE094A01015,2017-10-11,2017-10-11,2017-10-12,295.3,289.74
HINDPETRO,NSE_EQ|INE094A01015,2020-12-22,2020-12-22,2020-12-23,130.55,127.98
HINDPETRO,NSE_EQ|INE094A01015,2021-02-02,2021-02-02,2021-02-03,139.3,137.47
HINDPETRO,NSE_EQ|INE094A01015,2023-07-31,2023-07-31,2023-08-01,177.7,176.93
HINDUNILVR,NSE_EQ|INE030A01027,2016-08-19,2016-08-19,2016-08-22,911.9,907.56
HINDUNILVR,NSE_EQ|INE030A01027,2019-01-15,2019-01-15,2019-01-16,1790.0,1780.46
HINDUNILVR,NSE_EQ|INE030A01027,2020-03-11,2020-03-11,2020-03-12,2102.4,2134.94
HINDUNILVR,NSE_EQ|INE030A01027,2020-12-04,2020-12-04,2020-12-07,2189.25,2139.84
HINDUNILVR,NSE_EQ|INE030A01027,2022-09-21,2022-09-21,2022-09-22,2623.1,2605.05
HINDUNILVR,NSE_EQ|INE030A01027,2023-01-09,2023-01-09,2023-01-10,2624.05,2593.65
HINDUNILVR,NSE_EQ|INE030A01027,2023-07-11,2023-07-11,2023-07-12,2704.95,2665.86
HINDUNILVR,NSE_EQ|INE030A01027,2023-07-14,2023-07-14,2023-07-17,2670.0,2671.92
HINDUNILVR,NSE_EQ|INE030A01027,2023-07-20,2023-07-20,2023-07-21,2650.0,2674.47
HINDUNILVR,NSE_EQ|INE030A01027,2023-12-08,2023-12-08,2023-12-11,2522.3,2516.04
HINDZINC,NSE_EQ|INE267A01025,2016-11-17,2016-11-17,2016-11-18,249.0,244.07
HINDZINC,NSE_EQ|INE267A01025,2016-12-21,2016-12-21,2016-12-22,264.14,264.45
HINDZINC,NSE_EQ|INE267A01025,2017-03-16,2017-03-16,2017-03-17,310.1,301.15
HINDZINC,NSE_EQ|INE267A01025,2017-09-29,2017-09-29,2017-10-03,300.0,293.86
HINDZINC,NSE_EQ|INE267A01025,2017-11-23,2017-11-23,2017-11-24,311.0,312.56
HINDZINC,NSE_EQ|INE267A01025,2018-03-12,2018-03-12,2018-03-13,313.35,310.47
HINDZINC,NSE_EQ|INE267A01025,2018-04-05,2018-04-05,2018-04-06,312.5,310.43
HINDZINC,NSE_EQ|INE267A01025,2022-10-06,2022-10-06,2022-10-07,283.35,279.84
HINDZINC,NSE_EQ|INE267A01025,2023-02-02,2023-02-02,2023-02-03,344.0,331.73
HINDZINC,NSE_EQ|INE267A01025,2023-08-30,2023-08-30,2023-08-31,321.0,319.49
HINDZINC,NSE_EQ|INE267A01025,2024-01-19,2024-01-19,2024-01-20,315.15,313.79
HUDCO,NSE_EQ|INE031A01017,2019-10-23,2019-10-23,2019-10-24,35.25,34.9
HUDCO,NSE_EQ|INE031A01017,2023-07-05,2023-07-05,2023-07-06,59.1,57.77
HUDCO,NSE_EQ|INE031A01017,2023-07-10,2023-07-10,2023-07-11,59.4,58.0
HUDCO,NSE_EQ|INE031A01017,2023-11-08,2023-11-08,2023-11-09,81.5,80.65
HUDCO,NSE_EQ|INE031A01017,2024-04-01,2024-04-01,2024-04-02,200.35,190.89
ICICIBANK,NSE_EQ|INE090A01021,2016-06-20,2016-06-20,2016-06-21,218.41,215.21
ICICIBANK,NSE_EQ|INE090A01021,2017-04-03,2017-04-03,2017-04-05,260.45,254.01
ICICIBANK,NSE_EQ|INE090A01021,2017-12-18,2017-12-18,2017-12-19,309.2,305.92
ICICIBANK,NSE_EQ|INE090A01021,2018-06-07,2018-06-07,2018-06-08,290.1,290.16
ICICIBANK,NSE_EQ|INE090A01021,2020-08-06,2020-08-06,2020-08-07,359.45,356.58
ICICIBANK,NSE_EQ|INE090A01021,2021-01-28,2021-01-28,2021-01-29,533.35,520.67
ICICIBANK,NSE_EQ|INE090A01021,2021-06-24,2021-06-24,2021-06-25,636.1,626.71
ICICIBANK,NSE_EQ|INE090A01021,2024-01-18,2024-01-18,2024-01-19,991.3,983.82
ICICIBANK,NSE_EQ|INE090A01021,2024-05-30,2024-05-30,2024-05-31,1118.0,1109.42
ICICIBANK,NSE_EQ|INE090A01021,2024-06-07,2024-06-07,2024-06-10,1116.0,1113.39
ICICIBANK,NSE_EQ|INE090A01021,2024-06-18,2024-06-18,2024-06-19,1127.95,1116.28
ICICIGI,NSE_EQ|INE765G01017,2018-09-25,2018-09-25,2018-09-26,835.25,809.28
ICICIGI,NSE_EQ|INE765G01017,2018-12-27,2018-12-27,2018-12-28,865.0,843.23
ICICIGI,NSE_EQ|INE765G01017,2020-01-16,2020-01-16,2020-01-17,1415.0,1370.96
ICICIGI,NSE_EQ|INE765G01017,2023-05-22,2023-05-22,2023-05-23,1094.0,1085.65
ICICIPRULI,NSE_EQ|INE726G01019,2017-05-30,2017-05-30,2017-05-31,398.0,400.19
ICICIPRULI,NSE_EQ|INE726G01019,2017-06-07,2017-06-07,2017-06-08,422.5,404.49
ICICIPRULI,NSE_EQ|INE726G01019,2019-05-23,2019-05-23,2019-05-24,357.0,355.57
ICICIPRULI,NSE_EQ|INE726G01019,2019-08-14,2019-08-14,2019-08-16,385.0,383.76
ICICIPRULI,NSE_EQ|INE726G01019,2019-12-23,2019-12-23,2019-12-24,505.8,502.14
ICICIPRULI,NSE_EQ|INE726G01019,2022-05-25,2022-05-25,2022-05-26,523.95,510.7
ICICIPRULI,NSE_EQ|INE726G01019,2023-01-27,2023-01-27,2023-01-30,461.1,463.12
ICICIPRULI,NSE_EQ|INE726G01019,2024-10-09,2024-10-09,2024-10-10,756.15,750.51
IGL,NSE_EQ|INE203G01027,2015-11-30,2015-11-30,2015-12-01,48.4,47.65
IGL,NSE_EQ|INE203G01027,2016-11-24,2016-11-24,2016-11-25,83.6,83.02
IGL,NSE_EQ|INE203G01027,2017-11-24,2017-11-24,2017-11-27,155.5,152.65
IGL,NSE_EQ|INE203G01027,2018-12-17,2018-12-17,2018-12-18,131.75,129.49
IGL,NSE_EQ|INE203G01027,2019-09-20,2019-09-20,2019-09-23,171.2,160.59
IGL,NSE_EQ|INE203G01027,2021-05-27,2021-05-27,2021-05-28,260.5,256.15
IGL,NSE_EQ|INE203G01027,2021-06-28,2021-06-28,2021-06-29,268.1,259.85
IGL,NSE_EQ|INE203G01027,2022-09-27,2022-09-27,2022-09-28,210.0,201.23
IGL,NSE_EQ|INE203G01027,2024-01-29,2024-01-29,2024-01-30,213.45,206.96
IGL,NSE_EQ|INE203G01027,2024-05-08,2024-05-08,2024-05-09,225.6,220.32
IGL,NSE_EQ|INE203G01027,2024-05-10,2024-05-10,2024-05-13,225.0,220.51
IGL,NSE_EQ|INE203G01027,2024-08-27,2024-08-27,2024-08-28,269.0,265.49
INDHOTEL,NSE_EQ|INE053A01029,2015-11-24,2015-11-24,2015-11-26,87.55,88.63
INDHOTEL,NSE_EQ|INE053A01029,2017-05-31,2017-05-31,2017-06-01,131.9,127.24
INDHOTEL,NSE_EQ|INE053A01029,2018-05-28,2018-05-28,2018-05-29,139.15,135.62
INDHOTEL,NSE_EQ|INE053A01029,2020-10-05,2020-10-05,2020-10-06,98.6,93.55
INDHOTEL,NSE_EQ|INE053A01029,2022-03-16,2022-03-16,2022-03-17,212.25,205.71
INDHOTEL,NSE_EQ|INE053A01029,2023-03-14,2023-03-14,2023-03-15,317.0,311.25
INDHOTEL,NSE_EQ|INE053A01029,2023-07-28,2023-07-28,2023-07-31,392.2,389.7
INDHOTEL,NSE_EQ|INE053A01029,2024-07-22,2024-07-22,2024-07-23,620.35,596.25
INDHOTEL,NSE_EQ|INE053A01029,2024-10-08,2024-10-08,2024-10-09,685.1,661.79
INDIANB,NSE_EQ|INE562A01011,2016-09-28,2016-09-28,2016-09-29,230.5,208.77
INDIANB,NSE_EQ|INE562A01011,2018-05-11,2018-05-11,2018-05-14,316.1,307.75
INDIANB,NSE_EQ|INE562A01011,2022-03-14,2022-03-14,2022-03-15,152.9,148.33
INDIANB,NSE_EQ|INE562A01011,2022-12-26,2022-12-26,2022-12-27,292.0,271.45
INDIANB,NSE_EQ|INE562A01011,2023-01-30,2023-01-30,2023-01-31,297.0,287.16
INDIANB,NSE_EQ|INE562A01011,2024-03-28,2024-03-28,2024-04-01,521.0,518.41
INDIANB,NSE_EQ|INE562A01011,2024-06-06,2024-06-06,2024-06-07,537.0,539.13
INDIANB,NSE_EQ|INE562A01011,2024-08-28,2024-08-28,2024-08-29,567.95,560.37
INDUSINDBK,NSE_EQ|INE095A01012,2015-03-27,2015-03-27,2015-03-30,886.05,875.24
INDUSINDBK,NSE_EQ|INE095A01012,2016-01-13,2016-01-13,2016-01-14,921.0,933.7
INDUSINDBK,NSE_EQ|INE095A01012,2016-07-20,2016-07-20,2016-07-21,1120.1,1104.72
INDUSINDBK,NSE_EQ|INE095A01012,2017-09-28,2017-09-28,2017-09-29,1681.0,1673.69
INDUSINDBK,NSE_EQ|INE095A01012,2020-10-01,2020-10-01,2020-10-05,593.2,561.21
INDUSINDBK,NSE_EQ|INE095A01012,2023-01-09,2023-01-09,2023-01-10,1215.0,1189.53
INDUSINDBK,NSE_EQ|INE095A01012,2023-05-08,2023-05-08,2023-05-09,1135.0,1090.02
INDUSINDBK,NSE_EQ|INE095A01012,2023-09-01,2023-09-01,2023-09-04,1423.85,1396.77
INDUSTOWER,NSE_EQ|INE121J01017,2015-07-08,2015-07-08,2015-07-09,453.7,443.68
INDUSTOWER,NSE_EQ|INE121J01017,2016-01-08,2016-01-08,2016-01-11,396.2,398.61
INDUSTOWER,NSE_EQ|INE121J01017,2016-04-27,2016-04-27,2016-04-28,376.1,375.3
INDUSTOWER,NSE_EQ|INE121J01017,2016-06-03,2016-06-03,2016-06-06,384.75,379.13
INDUSTOWER,NSE_EQ|INE121J01017,2016-11-15,2016-11-15,2016-11-16,368.95,363.65
INDUSTOWER,NSE_EQ|INE121J01017,2019-01-25,2019-01-25,2019-01-28,283.7,266.99
INDUSTOWER,NSE_EQ|INE121J01017,2020-01-09,2020-01-09,2020-01-10,251.0,245.53
INDUSTOWER,NSE_EQ|INE121J01017,2021-04-22,2021-04-22,2021-04-23,263.9,255.46
INDUSTOWER,NSE_EQ|INE121J01017,2023-12-29,2023-12-29,2024-01-01,198.1,186.86
INFY,NSE_EQ|INE009A01021,2015-09-09,2015-09-09,2015-09-10,542.45,539.93
INFY,NSE_EQ|INE009A01021,2016-03-01,2016-03-01,2016-03-02,568.53,557.72
INFY,NSE_EQ|INE009A01021,2018-04-25,2018-04-25,2018-04-26,587.0,576.2
INFY,NSE_EQ|INE009A01021,2018-10-05,2018-10-05,2018-10-08,725.05,711.16
INFY,NSE_EQ|INE009A01021,2019-01-07,2019-01-07,2019-01-08,674.95,662.83
INFY,NSE_EQ|INE009A01021,2019-10-11,2019-10-11,2019-10-14,786.75,799.62
INFY,NSE_EQ|INE009A01021,2020-01-09,2020-01-09,2020-01-10,740.45,716.3
INFY,NSE_EQ|INE009A01021,2022-12-13,2022-12-13,2022-12-14,1582.0,1555.05
INFY,NSE_EQ|INE009A01021,2023-06-28,2023-06-28,2023-06-30,1308.2,1282.61
IOC,NSE_EQ|INE242A01010,2015-04-30,2015-04-30,2015-05-04,53.4,50.95
IOC,NSE_EQ|INE242A01010,2015-11-03,2015-11-03,2015-11-04,58.9,58.54
IOC,NSE_EQ|INE242A01010,2016-05-27,2016-05-27,2016-05-30,60.65,60.68
IOC,NSE_EQ|INE242A01010,2016-05-31,2016-05-31,2016-06-01,61.65,60.8
IOC,NSE_EQ|INE242A01010,2020-07-17,2020-07-17,2020-07-20,49.95,48.52
IOC,NSE_EQ|INE242A01010,2020-12-22,2020-12-22,2020-12-23,50.8,49.03
IOC,NSE_EQ|INE242A01010,2022-03-10,2022-03-10,2022-03-11,72.55,71.87
IOC,NSE_EQ|INE242A01010,2024-04-02,2024-04-02,2024-04-03,174.2,172.08
IRCTC,NSE_EQ|INE335Y01020,2020-07-10,2020-07-10,2020-07-13,288.8,279.72
IRFC,NSE_EQ|INE053F01010,2022-12-26,2022-12-26,2022-12-27,31.3,28.92
IRFC,NSE_EQ|INE053F01010,2023-11-08,2023-11-08,2023-11-09,76.0,75.3
IRFC,NSE_EQ|INE053F01010,2024-12-30,2024-12-30,2024-12-31,149.99,150.19
ITC,NSE_EQ|INE154A01025,2015-09-02,2015-09-02,2015-09-03,212.9,212.56
ITC,NSE_EQ|INE154A01025,2015-11-02,2015-11-02,2015-11-03,224.53,220.86
ITC,NSE_EQ|INE154A01025,2015-12-01,2015-12-01,2015-12-02,230.67,227.5
ITC,NSE_EQ|INE154A01025,2018-01-17,2018-01-17,2018-01-18,268.0,261.31
ITC,NSE_EQ|INE154A01025,2018-09-12,2018-09-12,2018-09-14,307.0,299.25
ITC,NSE_EQ|INE154A01025,2018-12-19,2018-12-19,2018-12-20,281.0,280.57
ITC,NSE_EQ|INE154A01025,2021-01-27,2021-01-27,2021-01-28,209.25,207.66
ITC,NSE_EQ|INE154A01025,2021-11-17,2021-11-17,2021-11-18,240.0,235.82
ITC,NSE_EQ|INE154A01025,2024-05-16,2024-05-16,2024-05-17,432.4,427.34
ITC,NSE_EQ|INE154A01025,2024-06-07,2024-06-07,2024-06-10,440.0,431.62
ITC,NSE_EQ|INE154A01025,2024-10-07,2024-10-07,2024-10-08,510.0,506.32
JINDALSTEL,NSE_EQ|INE749A01030,2019-04-26,2019-04-26,2019-04-30,175.5,170.95
JINDALSTEL,NSE_EQ|INE749A01030,2021-02-01,2021-02-01,2021-02-02,280.2,274.62
JINDALSTEL,NSE_EQ|INE749A01030,2021-03-19,2021-03-19,2021-03-22,313.0,310.67
JINDALSTEL,NSE_EQ|INE749A01030,2023-02-03,2023-02-03,2023-02-06,582.0,577.09
JINDALSTEL,NSE_EQ|INE749A01030,2023-08-28,2023-08-28,2023-08-29,660.0,639.13
JINDALSTEL,NSE_EQ|INE749A01030,2023-10-10,2023-10-10,2023-10-11,698.25,681.49
JINDALSTEL,NSE_EQ|INE749A01030,2024-03-14,2024-03-14,2024-03-15,780.0,766.87
JINDALSTEL,NSE_EQ|INE749A01030,2024-03-18,2024-03-18,2024-03-19,806.0,769.25
JINDALSTEL,NSE_EQ|INE749A01030,2024-06-05,2024-06-05,2024-06-06,1016.1,962.9
JIOFIN,NSE_EQ|INE758E01017,2024-01-29,2024-01-29,2024-01-30,253.15,239.91
JIOFIN,NSE_EQ|INE758E01017,2024-05-23,2024-05-23,2024-05-24,368.5,362.2
JSWENERGY,NSE_EQ|INE121E01018,2016-04-26,2016-04-26,2016-04-27,68.8,67.55
JSWENERGY,NSE_EQ|INE121E01018,2016-07-28,2016-07-28,2016-07-29,81.1,79.48
JSWENERGY,NSE_EQ|INE121E01018,2017-01-20,2017-01-20,2017-01-23,61.7,59.88
JSWENERGY,NSE_EQ|INE121E01018,2017-01-27,2017-01-27,2017-01-30,62.3,60.38
JSWENERGY,NSE_EQ|INE121E01018,2017-02-20,2017-02-20,2017-02-21,62.0,61.54
JSWENERGY,NSE_EQ|INE121E01018,2017-03-30,2017-03-30,2017-03-31,63.0,62.32
JSWENERGY,NSE_EQ|INE121E01018,2017-11-23,2017-11-23,2017-11-24,83.3,79.69
JSWENERGY,NSE_EQ|INE121E01018,2020-08-07,2020-08-07,2020-08-10,48.7,47.1
JSWENERGY,NSE_EQ|INE121E01018,2021-02-23,2021-02-23,2021-02-24,73.5,71.73
JSWENERGY,NSE_EQ|INE121E01018,2022-01-25,2022-01-25,2022-01-27,304.95,303.45
JSWENERGY,NSE_EQ|INE121E01018,2022-10-06,2022-10-06,2022-10-07,330.0,321.95
JSWENERGY,NSE_EQ|INE121E01018,2023-05-30,2023-05-30,2023-05-31,262.35,251.61
JSWENERGY,NSE_EQ|INE121E01018,2024-05-10,2024-05-10,2024-05-13,570.25,561.93
JSWSTEEL,NSE_EQ|INE019A01038,2016-01-18,2016-01-18,2016-01-19,99.7,98.77
JSWSTEEL,NSE_EQ|INE019A01038,2016-05-26,2016-05-26,2016-05-27,132.3,130.39
JSWSTEEL,NSE_EQ|INE019A01038,2016-09-19,2016-09-19,2016-09-20,178.32,172.86
JSWSTEEL,NSE_EQ|INE019A01038,2017-05-23,2017-05-23,2017-05-24,193.35,193.18
JSWSTEEL,NSE_EQ|INE019A01038,2018-05-22,2018-05-22,2018-05-23,318.9,312.28
JSWSTEEL,NSE_EQ|INE019A01038,2018-06-19,2018-06-19,2018-06-20,326.05,327.11
JSWSTEEL,NSE_EQ|INE019A01038,2019-04-26,2019-04-26,2019-04-30,294.5,287.98
JSWSTEEL,NSE_EQ|INE019A01038,2023-09-01,2023-09-01,2023-09-04,811.95,798.29
JSWSTEEL,NSE_EQ|INE019A01038,2024-11-05,2024-11-05,2024-11-06,1000.0,977.09
JUBLFOOD,NSE_EQ|INE797F01020,2015-03-20,2015-03-20,2015-03-23,159.5,153.35
JUBLFOOD,NSE_EQ|INE797F01020,2020-07-17,2020-07-17,2020-07-20,351.0,337.02
JUBLFOOD,NSE_EQ|INE797F01020,2020-07-23,2020-07-23,2020-07-24,345.0,340.62
JUBLFOOD,NSE_EQ|INE797F01020,2021-02-04,2021-02-04,2021-02-05,566.0,543.48
JUBLFOOD,NSE_EQ|INE797F01020,2021-04-29,2021-04-29,2021-04-30,583.8,585.91
JUBLFOOD,NSE_EQ|INE797F01020,2023-06-26,2023-06-26,2023-06-27,486.7,477.61
JUBLFOOD,NSE_EQ|INE797F01020,2023-10-25,2023-10-25,2023-10-26,510.0,525.57
KALYANKJIL,NSE_EQ|INE303R01014,2022-05-16,2022-05-16,2022-05-17,63.15,61.98
KALYANKJIL,NSE_EQ|INE303R01014,2022-11-30,2022-11-30,2022-12-01,106.95,100.85
KALYANKJIL,NSE_EQ|INE303R01014,2022-12-26,2022-12-26,2022-12-27,125.0,107.92
KALYANKJIL,NSE_EQ|INE303R01014,2023-12-20,2023-12-20,2023-12-21,319.05,318.14
KOTAKBANK,NSE_EQ|INE237A01028,2015-12-14,2015-12-14,2015-12-15,673.95,669.96
KOTAKBANK,NSE_EQ|INE237A01028,2016-08-05,2016-08-05,2016-08-08,777.0,757.22
KOTAKBANK,NSE_EQ|INE237A01028,2017-08-16,2017-08-16,2017-08-17,1003.0,982.33
KOTAKBANK,NSE_EQ|INE237A01028,2017-09-28,2017-09-28,2017-09-29,1014.0,997.17
KOTAKBANK,NSE_EQ|INE237A01028,2019-01-17,2019-01-17,2019-01-18,1220.1,1218.73
KOTAKBANK,NSE_EQ|INE237A01028,2019-01-31,2019-01-31,2019-02-01,1257.05,1238.25
KOTAKBANK,NSE_EQ|INE237A01028,2019-07-03,2019-07-03,2019-07-04,1475.0,1472.7
KOTAKBANK,NSE_EQ|INE237A01028,2020-07-28,2020-07-28,2020-07-29,1385.0,1328.44
KOTAKBANK,NSE_EQ|INE237A01028,2024-10-10,2024-10-10,2024-10-11,1872.2,1817.22
KPITTECH,NSE_EQ|INE04I401011,2021-02-23,2021-02-23,2021-02-24,137.35,135.17
KPITTECH,NSE_EQ|INE04I401011,2022-12-22,2022-12-22,2022-12-23,703.0,701.9
KPITTECH,NSE_EQ|INE04I401011,2023-07-14,2023-07-14,2023-07-17,1065.0,1050.57
KPITTECH,NSE_EQ|INE04I401011,2023-10-10,2023-10-10,2023-10-11,1176.0,1144.37
LICHSGFIN,NSE_EQ|INE115A01026,2015-11-24,2015-11-24,2015-11-26,468.5,461.61
LICHSGFIN,NSE_EQ|INE115A01026,2016-05-12,2016-05-12,2016-05-13,460.5,456.9
LICHSGFIN,NSE_EQ|INE115A01026,2017-07-24,2017-07-24,2017-07-25,734.4,733.81
LICHSGFIN,NSE_EQ|INE115A01026,2020-06-01,2020-06-01,2020-06-02,243.9,241.3
LICHSGFIN,NSE_EQ|INE115A01026,2020-06-05,2020-06-05,2020-06-08,260.0,244.65
LICHSGFIN,NSE_EQ|INE115A01026,2020-10-06,2020-10-06,2020-10-07,280.8,276.36
LICHSGFIN,NSE_EQ|INE115A01026,2020-10-08,2020-10-08,2020-10-09,282.4,277.58
LICHSGFIN,NSE_EQ|INE115A01026,2022-05-20,2022-05-20,2022-05-23,363.8,360.23
LICHSGFIN,NSE_EQ|INE115A01026,2022-09-30,2022-09-30,2022-10-03,400.7,396.28
LICHSGFIN,NSE_EQ|INE115A01026,2022-10-25,2022-10-25,2022-10-27,409.1,406.39
LICHSGFIN,NSE_EQ|INE115A01026,2023-11-03,2023-11-03,2023-11-06,464.7,458.08
LODHA,NSE_EQ|INE670K01029,2021-07-07,2021-07-07,2021-07-08,335.95,329.98
LODHA,NSE_EQ|INE670K01029,2021-10-26,2021-10-26,2021-10-27,531.5,523.53
LODHA,NSE_EQ|INE670K01029,2023-08-16,2023-08-16,2023-08-17,715.0,693.02
LODHA,NSE_EQ|INE670K01029,2024-07-15,2024-07-15,2024-07-16,1463.7,1422.06
LT,NSE_EQ|INE018A01030,2015-04-22,2015-04-22,2015-04-23,1170.0,1150.43
LT,NSE_EQ|INE018A01030,2019-05-07,2019-05-07,2019-05-08,1363.9,1362.61
LT,NSE_EQ|INE018A01030,2019-07-09,2019-07-09,2019-07-10,1523.8,1498.39
LT,NSE_EQ|INE018A01030,2022-01-25,2022-01-25,2022-01-27,1914.55,1890.67
LT,NSE_EQ|INE018A01030,2022-01-31,2022-01-31,2022-02-01,1928.65,1898.0
LT,NSE_EQ|INE018A01030,2023-03-08,2023-03-08,2023-03-09,2174.95,2161.95
LT,NSE_EQ|INE018A01030,2023-03-15,2023-03-15,2023-03-16,2184.9,2169.52
LT,NSE_EQ|INE018A01030,2023-05-15,2023-05-15,2023-05-16,2254.6,2240.66
LT,NSE_EQ|INE018A01030,2024-04-22,2024-04-22,2024-04-23,3632.75,3588.15
LT,NSE_EQ|INE018A01030,2024-07-25,2024-07-25,2024-07-26,3629.0,3606.14
LTF,NSE_EQ|INE498L01015,2016-07-22,2016-07-22,2016-07-25,72.25,71.19
LTF,NSE_EQ|INE498L01015,2016-07-26,2016-07-26,2016-07-27,73.45,71.43
LTF,NSE_EQ|INE498L01015,2016-09-28,2016-09-28,2016-09-29,86.5,85.49
LTF,NSE_EQ|INE498L01015,2016-10-14,2016-10-14,2016-10-17,93.95,86.95
LTF,NSE_EQ|INE498L01015,2017-06-02,2017-06-02,2017-06-05,120.2,119.09
LTF,NSE_EQ|INE498L01015,2022-10-12,2022-10-12,2022-10-13,77.95,77.73
LTF,NSE_EQ|INE498L01015,2023-01-09,2023-01-09,2023-01-10,92.0,87.48
LUPIN,NSE_EQ|INE326A01037,2017-10-30,2017-10-30,2017-10-31,1025.0,1012.56
LUPIN,NSE_EQ|INE326A01037,2019-08-07,2019-08-07,2019-08-08,785.8,748.48
LUPIN,NSE_EQ|INE326A01037,2021-02-02,2021-02-02,2021-02-03,1037.7,1002.35
LUPIN,NSE_EQ|INE326A01037,2022-01-24,2022-01-24,2022-01-25,911.55,912.23
LUPIN,NSE_EQ|INE326A01037,2022-09-28,2022-09-28,2022-09-29,673.6,662.45
LUPIN,NSE_EQ|INE326A01037,2022-09-30,2022-09-30,2022-10-03,679.0,663.95
LUPIN,NSE_EQ|INE326A01037,2022-12-21,2022-12-21,2022-12-22,755.0,729.14
LUPIN,NSE_EQ|INE326A01037,2023-11-02,2023-11-02,2023-11-03,1175.0,1144.97
LUPIN,NSE_EQ|INE326A01037,2024-03-21,2024-03-21,2024-03-22,1611.0,1582.64
LUPIN,NSE_EQ|INE326A01037,2024-10-11,2024-10-11,2024-10-14,2218.05,2187.41
M&M,NSE_EQ|INE101A01026,2015-04-16,2015-04-16,2015-04-17,616.0,610.52
M&M,NSE_EQ|INE101A01026,2015-12-14,2015-12-14,2015-12-15,647.5,641.24
M&M,NSE_EQ|INE101A01026,2016-04-04,2016-04-04,2016-04-05,622.95,608.07
M&M,NSE_EQ|INE101A01026,2016-08-12,2016-08-12,2016-08-16,726.13,716.02
M&M,NSE_EQ|INE101A01026,2017-05-25,2017-05-25,2017-05-26,667.0,654.66
M&M,NSE_EQ|INE101A01026,2017-07-05,2017-07-05,2017-07-06,696.85,687.1
M&M,NSE_EQ|INE101A01026,2017-07-17,2017-07-17,2017-07-18,690.98,689.23
M&M,NSE_EQ|INE101A01026,2018-02-06,2018-02-06,2018-02-07,767.4,747.82
M&M,NSE_EQ|INE101A01026,2018-09-07,2018-09-07,2018-09-10,970.65,937.16
M&M,NSE_EQ|INE101A01026,2018-09-11,2018-09-11,2018-09-12,948.45,937.68
M&M,NSE_EQ|INE101A01026,2018-09-14,2018-09-14,2018-09-17,947.65,938.32
M&M,NSE_EQ|INE101A01026,2020-02-03,2020-02-03,2020-02-04,562.0,540.26
M&M,NSE_EQ|INE101A01026,2020-09-09,2020-09-09,2020-09-10,619.5,606.4
M&M,NSE_EQ|INE101A01026,2020-10-06,2020-10-06,2020-10-07,629.9,618.26
M&M,NSE_EQ|INE101A01026,2021-02-01,2021-02-01,2021-02-02,810.0,753.68
M&M,NSE_EQ|INE101A01026,2022-12-19,2022-12-19,2022-12-20,1287.95,1279.63
M&M,NSE_EQ|INE101A01026,2024-01-09,2024-01-09,2024-01-10,1645.0,1624.85
M&M,NSE_EQ|INE101A01026,2024-02-02,2024-02-02,2024-02-05,1676.7,1654.89
M&M,NSE_EQ|INE101A01026,2024-11-08,2024-11-08,2024-11-11,2962.35,2937.04
M&MFIN,NSE_EQ|INE774D01024,2016-06-20,2016-06-20,2016-06-21,196.5,188.24
M&MFIN,NSE_EQ|INE774D01024,2016-06-29,2016-06-29,2016-06-30,196.95,190.99
M&MFIN,NSE_EQ|INE774D01024,2016-07-18,2016-07-18,2016-07-19,202.85,198.05
M&MFIN,NSE_EQ|INE774D01024,2016-10-18,2016-10-18,2016-10-19,220.7,214.15
M&MFIN,NSE_EQ|INE774D01024,2017-01-24,2017-01-24,2017-01-25,170.1,168.07
M&MFIN,NSE_EQ|INE774D01024,2017-03-15,2017-03-15,2017-03-16,178.6,175.88
M&MFIN,NSE_EQ|INE774D01024,2018-12-07,2018-12-07,2018-12-10,246.3,249.51
M&MFIN,NSE_EQ|INE774D01024,2018-12-11,2018-12-11,2018-12-12,252.8,249.65
M&MFIN,NSE_EQ|INE774D01024,2019-04-23,2019-04-23,2019-04-24,259.65,253.03
M&MFIN,NSE_EQ|INE774D01024,2019-12-09,2019-12-09,2019-12-10,206.1,204.74
M&MFIN,NSE_EQ|INE774D01024,2021-01-25,2021-01-25,2021-01-27,178.7,176.62
M&MFIN,NSE_EQ|INE774D01024,2021-02-08,2021-02-08,2021-02-09,185.85,177.94
M&MFIN,NSE_EQ|INE774D01024,2022-05-26,2022-05-26,2022-05-27,172.8,171.78
M&MFIN,NSE_EQ|INE774D01024,2023-02-02,2023-02-02,2023-02-03,239.15,233.3
M&MFIN,NSE_EQ|INE774D01024,2023-04-06,2023-04-06,2023-04-10,250.05,247.32
M&MFIN,NSE_EQ|INE774D01024,2024-01-03,2024-01-03,2024-01-04,276.05,271.94
MANKIND,NSE_EQ|INE634S01028,2024-12-09,2024-12-09,2024-12-10,2649.45,2619.46
MARICO,NSE_EQ|INE196A01026,2015-08-04,2015-08-04,2015-08-05,225.03,217.03
MARICO,NSE_EQ|INE196A01026,2016-06-03,2016-06-03,2016-06-06,255.0,251.52
MARICO,NSE_EQ|INE196A01026,2017-08-02,2017-08-02,2017-08-03,324.0,321.5
MARICO,NSE_EQ|INE196A01026,2018-04-25,2018-04-25,2018-04-26,324.5,315.65
MARICO,NSE_EQ|INE196A01026,2019-02-01,2019-02-01,2019-02-04,377.0,373.27
MARICO,NSE_EQ|INE196A01026,2019-09-23,2019-09-23,2019-09-24,387.0,379.79
MARICO,NSE_EQ|INE196A01026,2020-10-05,2020-10-05,2020-10-06,377.8,366.38
MARICO,NSE_EQ|INE196A01026,2020-12-01,2020-12-01,2020-12-02,373.0,368.12
MARICO,NSE_EQ|INE196A01026,2022-05-20,2022-05-20,2022-05-23,533.8,510.85
MARICO,NSE_EQ|INE196A01026,2023-07-05,2023-07-05,2023-07-06,534.5,534.48
MARICO,NSE_EQ|INE196A01026,2024-07-05,2024-07-05,2024-07-08,632.0,608.63
MARICO,NSE_EQ|INE196A01026,2024-10-08,2024-10-08,2024-10-09,700.0,674.74
MAXHEALTH,NSE_EQ|INE027H01010,2021-05-18,2021-05-18,2021-05-19,222.7,218.32
MAXHEALTH,NSE_EQ|INE027H01010,2022-07-12,2022-07-12,2022-07-13,369.7,365.25
MAXHEALTH,NSE_EQ|INE027H01010,2022-09-30,2022-09-30,2022-10-03,407.75,393.77
MAXHEALTH,NSE_EQ|INE027H01010,2022-10-20,2022-10-20,2022-10-21,409.0,406.31
MAXHEALTH,NSE_EQ|INE027H01010,2022-12-20,2022-12-20,2022-12-21,441.45,436.24
MAXHEALTH,NSE_EQ|INE027H01010,2022-12-22,2022-12-22,2022-12-23,447.0,437.91
MAXHEALTH,NSE_EQ|INE027H01010,2023-01-23,2023-01-23,2023-01-24,440.0,441.42
MAZDOCK,NSE_EQ|INE249Z01020,2021-02-18,2021-02-18,2021-02-19,109.3,108.46
MAZDOCK,NSE_EQ|INE249Z01020,2021-03-01,2021-03-01,2021-03-02,110.0,108.74
MFSL,NSE_EQ|INE180A01020,2019-01-04,2019-01-04,2019-01-07,442.45,427.14
MFSL,NSE_EQ|INE180A01020,2019-04-11,2019-04-11,2019-04-12,437.9,418.88
MFSL,NSE_EQ|INE180A01020,2020-08-21,2020-08-21,2020-08-24,562.0,546.13
MFSL,NSE_EQ|INE180A01020,2021-08-11,2021-08-11,2021-08-12,1057.8,1059.89
MFSL,NSE_EQ|INE180A01020,2023-10-05,2023-10-05,2023-10-06,919.85,892.14
MFSL,NSE_EQ|INE180A01020,2023-10-11,2023-10-11,2023-10-12,912.7,903.84
MFSL,NSE_EQ|INE180A01020,2024-03-21,2024-03-21,2024-03-22,956.75,944.44
MFSL,NSE_EQ|INE180A01020,2024-04-30,2024-04-30,2024-05-02,1021.1,991.85
MFSL,NSE_EQ|INE180A01020,2024-08-30,2024-08-30,2024-09-02,1086.75,1048.77
MOTILALOFS,NSE_EQ|INE338I01027,2015-08-14,2015-08-14,2015-08-17,83.0,81.17
MOTILALOFS,NSE_EQ|INE338I01027,2016-06-27,2016-06-27,2016-06-28,82.55,78.09
MOTILALOFS,NSE_EQ|INE338I01027,2016-11-07,2016-11-07,2016-11-08,133.0,131.25
MOTILALOFS,NSE_EQ|INE338I01027,2017-07-27,2017-07-27,2017-07-28,275.5,281.3
MOTILALOFS,NSE_EQ|INE338I01027,2019-10-14,2019-10-14,2019-10-15,159.0,147.46
MOTILALOFS,NSE_EQ|INE338I01027,2019-10-27,2019-10-27,2019-10-29,156.75,152.1
MOTILALOFS,NSE_EQ|INE338I01027,2021-01-07,2021-01-07,2021-01-08,163.5,152.8
MOTILALOFS,NSE_EQ|INE338I01027,2021-02-03,2021-02-03,2021-02-04,158.75,156.68
MOTILALOFS,NSE_EQ|INE338I01027,2023-09-18,2023-09-18,2023-09-20,219.85,215.3
MOTILALOFS,NSE_EQ|INE338I01027,2024-06-05,2024-06-05,2024-06-06,567.65,556.08
MPHASIS,NSE_EQ|INE356A01018,2017-07-31,2017-07-31,2017-08-01,602.1,598.66
MPHASIS,NSE_EQ|INE356A01018,2017-09-28,2017-09-28,2017-09-29,612.0,601.57
MPHASIS,NSE_EQ|INE356A01018,2017-12-18,2017-12-18,2017-12-19,719.85,707.9
MPHASIS,NSE_EQ|INE356A01018,2018-07-31,2018-07-31,2018-08-01,1163.7,1111.65
MPHASIS,NSE_EQ|INE356A01018,2019-03-15,2019-03-15,2019-03-18,992.9,983.69
MPHASIS,NSE_EQ|INE356A01018,2019-09-20,2019-09-20,2019-09-23,974.9,960.57
MPHASIS,NSE_EQ|INE356A01018,2019-09-24,2019-09-24,2019-09-25,972.0,962.18
MPHASIS,NSE_EQ|INE356A01018,2021-03-02,2021-03-02,2021-03-03,1709.95,1627.61
MPHASIS,NSE_EQ|INE356A01018,2021-03-10,2021-03-10,2021-03-12,1650.3,1638.8
MPHASIS,NSE_EQ|INE356A01018,2021-04-15,2021-04-15,2021-04-16,1699.95,1683.95
MPHASIS,NSE_EQ|INE356A01018,2021-04-23,2021-04-23,2021-04-26,1730.0,1687.87
MPHASIS,NSE_EQ|INE356A01018,2021-11-23,2021-11-23,2021-11-24,3324.4,3271.84
MPHASIS,NSE_EQ|INE356A01018,2023-01-11,2023-01-11,2023-01-12,2040.0,1993.53
MPHASIS,NSE_EQ|INE356A01018,2024-01-29,2024-01-29,2024-01-30,2598.9,2553.19
MPHASIS,NSE_EQ|INE356A01018,2024-10-17,2024-10-17,2024-10-18,3070.0,3019.47
MUTHOOTFIN,NSE_EQ|INE414G01012,2016-02-15,2016-02-15,2016-02-16,186.0,182.26
MUTHOOTFIN,NSE_EQ|INE414G01012,2017-05-22,2017-05-22,2017-05-23,386.65,383.2
MUTHOOTFIN,NSE_EQ|INE414G01012,2017-10-26,2017-10-26,2017-10-27,487.25,484.98
MUTHOOTFIN,NSE_EQ|INE414G01012,2019-02-07,2019-02-07,2019-02-08,516.0,506.63
MUTHOOTFIN,NSE_EQ|INE414G01012,2019-04-26,2019-04-26,2019-04-30,587.15,585.69
MUTHOOTFIN,NSE_EQ|INE414G01012,2019-07-16,2019-07-16,2019-07-17,631.7,625.51
MUTHOOTFIN,NSE_EQ|INE414G01012,2022-08-17,2022-08-17,2022-08-18,1069.0,1047.28
NATIONALUM,NSE_EQ|INE139A01034,2016-05-24,2016-05-24,2016-05-25,42.6,41.73
NATIONALUM,NSE_EQ|INE139A01034,2016-05-31,2016-05-31,2016-06-01,43.0,42.05
NATIONALUM,NSE_EQ|INE139A01034,2016-08-30,2016-08-30,2016-08-31,49.0,46.98
NATIONALUM,NSE_EQ|INE139A01034,2017-04-18,2017-04-18,2017-04-19,68.6,71.97
NATIONALUM,NSE_EQ|INE139A01034,2021-06-25,2021-06-25,2021-06-28,75.15,70.87
NATIONALUM,NSE_EQ|INE139A01034,2021-08-11,2021-08-11,2021-08-12,82.65,81.3
NATIONALUM,NSE_EQ|INE139A01034,2021-08-27,2021-08-27,2021-08-30,85.45,83.93
NATIONALUM,NSE_EQ|INE139A01034,2021-09-29,2021-09-29,2021-09-30,94.85,89.03
NATIONALUM,NSE_EQ|INE139A01034,2023-05-08,2023-05-08,2023-05-09,82.0,80.98
NATIONALUM,NSE_EQ|INE139A01034,2023-07-10,2023-07-10,2023-07-11,83.7,83.22
NATIONALUM,NSE_EQ|INE139A01034,2024-04-01,2024-04-01,2024-04-02,162.3,153.5
NAUKRI,NSE_EQ|INE663F01032,2015-04-13,2015-04-13,2015-04-15,168.0,165.86
NAUKRI,NSE_EQ|INE663F01032,2015-08-05,2015-08-05,2015-08-06,171.5,169.86
NAUKRI,NSE_EQ|INE663F01032,2016-08-05,2016-08-05,2016-08-08,168.5,164.68
NAUKRI,NSE_EQ|INE663F01032,2016-10-19,2016-10-19,2016-10-20,182.0,171.95
NAUKRI,NSE_EQ|INE663F01032,2017-07-25,2017-07-25,2017-07-26,199.5,198.75
NAUKRI,NSE_EQ|INE663F01032,2018-02-02,2018-02-02,2018-02-05,262.0,266.02
NAUKRI,NSE_EQ|INE663F01032,2018-09-21,2018-09-21,2018-09-24,306.0,298.9
NAUKRI,NSE_EQ|INE663F01032,2019-02-20,2019-02-20,2019-02-21,343.0,326.0
NAUKRI,NSE_EQ|INE663F01032,2019-05-28,2019-05-28,2019-05-29,402.0,381.2
NAUKRI,NSE_EQ|INE663F01032,2019-07-22,2019-07-22,2019-07-23,439.5,434.39
NAUKRI,NSE_EQ|INE663F01032,2019-07-25,2019-07-25,2019-07-26,448.0,438.26
NAUKRI,NSE_EQ|INE663F01032,2022-04-28,2022-04-28,2022-04-29,934.0,915.27
NAUKRI,NSE_EQ|INE663F01032,2022-09-09,2022-09-09,2022-09-12,858.0,839.52
NAUKRI,NSE_EQ|INE663F01032,2024-01-31,2024-01-31,2024-02-01,1040.0,1003.12
NAUKRI,NSE_EQ|INE663F01032,2024-06-05,2024-06-05,2024-06-06,1220.0,1192.61
NAUKRI,NSE_EQ|INE663F01032,2024-11-06,2024-11-06,2024-11-07,1605.0,1579.81
NAUKRI,NSE_EQ|INE663F01032,2024-11-11,2024-11-11,2024-11-12,1589.0,1585.23
NESTLEIND,NSE_EQ|INE239A01024,2015-11-04,2015-11-04,2015-11-05,313.0,311.04
NESTLEIND,NSE_EQ|INE239A01024,2015-11-19,2015-11-19,2015-11-20,313.4,312.55
NESTLEIND,NSE_EQ|INE239A01024,2017-05-26,2017-05-26,2017-05-29,330.6,327.92
NESTLEIND,NSE_EQ|INE239A01024,2019-07-31,2019-07-31,2019-08-01,583.2,581.86
NESTLEIND,NSE_EQ|INE239A01024,2019-08-05,2019-08-05,2019-08-06,585.5,582.05
NESTLEIND,NSE_EQ|INE239A01024,2019-11-25,2019-11-25,2019-11-26,720.0,711.1
NESTLEIND,NSE_EQ|INE239A01024,2020-03-11,2020-03-11,2020-03-12,793.5,795.24
NESTLEIND,NSE_EQ|INE239A01024,2020-05-26,2020-05-26,2020-05-27,835.0,819.25
NESTLEIND,NSE_EQ|INE239A01024,2021-07-19,2021-07-19,2021-07-20,887.5,880.07
NESTLEIND,NSE_EQ|INE239A01024,2022-12-06,2022-12-06,2022-12-07,996.0,991.19
NESTLEIND,NSE_EQ|INE239A01024,2023-08-02,2023-08-02,2023-08-03,1144.4,1132.88
NESTLEIND,NSE_EQ|INE239A01024,2024-04-25,2024-04-25,2024-04-26,1287.5,1277.95
NHPC,NSE_EQ|INE848E01016,2016-08-09,2016-08-09,2016-08-10,25.6,24.98
NHPC,NSE_EQ|INE848E01016,2016-09-14,2016-09-14,2016-09-15,27.0,26.18
NHPC,NSE_EQ|INE848E01016,2020-09-18,2020-09-18,2020-09-21,21.35,20.99
NHPC,NSE_EQ|INE848E01016,2022-10-04,2022-10-04,2022-10-06,38.6,36.42
NHPC,NSE_EQ|INE848E01016,2024-04-02,2024-04-02,2024-04-03,92.0,90.35
NHPC,NSE_EQ|INE848E01016,2024-07-03,2024-07-03,2024-07-04,102.0,100.59
NTPC,NSE_EQ|INE733E01010,2015-12-10,2015-12-10,2015-12-11,111.2,109.21
NTPC,NSE_EQ|INE733E01010,2017-09-11,2017-09-11,2017-09-12,142.04,140.57
NTPC,NSE_EQ|INE733E01010,2017-10-05,2017-10-05,2017-10-06,142.71,141.47
NTPC,NSE_EQ|INE733E01010,2017-12-07,2017-12-07,2017-12-08,148.42,149.12
NTPC,NSE_EQ|INE733E01010,2018-05-14,2018-05-14,2018-05-15,141.88,142.17
NTPC,NSE_EQ|INE733E01010,2020-02-11,2020-02-11,2020-02-12,117.0,116.29
NTPC,NSE_EQ|INE733E01010,2020-06-22,2020-06-22,2020-06-23,95.1,93.73
NTPC,NSE_EQ|INE733E01010,2021-02-08,2021-02-08,2021-02-09,100.4,98.62
NTPC,NSE_EQ|INE733E01010,2021-07-30,2021-07-30,2021-08-02,118.6,117.21
NTPC,NSE_EQ|INE733E01010,2024-07-22,2024-07-22,2024-07-23,376.7,368.76
NTPC,NSE_EQ|INE733E01010,2024-09-12,2024-09-12,2024-09-13,404.85,399.94
NYKAA,NSE_EQ|INE388Y01029,2023-08-04,2023-08-04,2023-08-07,148.4,144.26
NYKAA,NSE_EQ|INE388Y01029,2023-11-06,2023-11-06,2023-11-07,151.0,144.94
NYKAA,NSE_EQ|INE388Y01029,2024-06-11,2024-06-11,2024-06-12,171.95,171.44
OBEROIRLTY,NSE_EQ|INE093I01010,2016-10-04,2016-10-04,2016-10-05,308.25,298.58
OBEROIRLTY,NSE_EQ|INE093I01010,2017-06-09,2017-06-09,2017-06-12,389.0,389.15
OBEROIRLTY,NSE_EQ|INE093I01010,2017-12-19,2017-12-19,2017-12-20,481.0,475.0
OBEROIRLTY,NSE_EQ|INE093I01010,2018-05-09,2018-05-09,2018-05-10,536.95,516.92
OBEROIRLTY,NSE_EQ|INE093I01010,2019-01-01,2019-01-01,2019-01-02,453.0,442.64
OBEROIRLTY,NSE_EQ|INE093I01010,2019-01-15,2019-01-15,2019-01-16,454.0,449.04
OBEROIRLTY,NSE_EQ|INE093I01010,2019-01-24,2019-01-24,2019-01-25,474.0,455.44
OBEROIRLTY,NSE_EQ|INE093I01010,2019-07-18,2019-07-18,2019-07-19,573.15,559.69
OBEROIRLTY,NSE_EQ|INE093I01010,2020-01-09,2020-01-09,2020-01-10,530.0,519.86
OBEROIRLTY,NSE_EQ|INE093I01010,2020-09-07,2020-09-07,2020-09-08,379.8,372.04
OBEROIRLTY,NSE_EQ|INE093I01010,2021-09-21,2021-09-21,2021-09-22,729.95,716.19
OBEROIRLTY,NSE_EQ|INE093I01010,2022-01-25,2022-01-25,2022-01-27,884.0,884.89
OBEROIRLTY,NSE_EQ|INE093I01010,2023-04-05,2023-04-05,2023-04-06,862.5,853.64
OBEROIRLTY,NSE_EQ|INE093I01010,2023-05-19,2023-05-19,2023-05-22,918.0,895.07
OBEROIRLTY,NSE_EQ|INE093I01010,2024-11-14,2024-11-14,2024-11-18,1977.05,1921.93
OBEROIRLTY,NSE_EQ|INE093I01010,2024-11-19,2024-11-19,2024-11-21,1938.0,1927.11
OIL,NSE_EQ|INE274J01014,2021-10-25,2021-10-25,2021-10-26,150.65,140.74
OIL,NSE_EQ|INE274J01014,2022-03-21,2022-03-21,2022-03-22,158.65,153.33
OIL,NSE_EQ|INE274J01014,2022-04-26,2022-04-26,2022-04-27,157.35,156.06
OIL,NSE_EQ|INE274J01014,2023-05-08,2023-05-08,2023-05-09,172.2,171.24
OIL,NSE_EQ|INE274J01014,2023-09-27,2023-09-27,2023-09-28,192.55,186.04
OIL,NSE_EQ|INE274J01014,2023-11-29,2023-11-29,2023-11-30,208.0,204.55
ONGC,NSE_EQ|INE213A01029,2017-12-12,2017-12-12,2017-12-13,177.95,175.3
ONGC,NSE_EQ|INE213A01029,2019-06-11,2019-06-11,2019-06-12,162.3,161.01
ONGC,NSE_EQ|INE213A01029,2021-02-04,2021-02-04,2021-02-05,93.2,89.65
ONGC,NSE_EQ|INE213A01029,2022-03-03,2022-03-03,2022-03-04,164.35,157.13
ONGC,NSE_EQ|INE213A01029,2024-03-14,2024-03-14,2024-03-15,263.95,260.28
ONGC,NSE_EQ|INE213A01029,2024-03-28,2024-03-28,2024-04-01,268.05,266.17
PATANJALI,NSE_EQ|INE619A01035,2021-07-13,2021-07-13,2021-07-14,383.3,366.11
PATANJALI,NSE_EQ|INE619A01035,2024-02-06,2024-02-06,2024-02-07,539.6,527.9
PETRONET,NSE_EQ|INE347G01014,2016-02-15,2016-02-15,2016-02-16,122.5,118.46
PETRONET,NSE_EQ|INE347G01014,2016-11-18,2016-11-18,2016-11-21,181.75,175.13
PETRONET,NSE_EQ|INE347G01014,2017-03-23,2017-03-23,2017-03-24,191.0,186.48
PETRONET,NSE_EQ|INE347G01014,2017-06-06,2017-06-06,2017-06-07,220.45,209.48
PETRONET,NSE_EQ|INE347G01014,2017-12-07,2017-12-07,2017-12-08,252.9,248.64
PETRONET,NSE_EQ|INE347G01014,2019-12-02,2019-12-02,2019-12-03,271.15,263.81
PETRONET,NSE_EQ|INE347G01014,2022-07-01,2022-07-01,2022-07-04,209.7,209.59
PETRONET,NSE_EQ|INE347G01014,2023-03-02,2023-03-02,2023-03-03,215.95,212.77
PETRONET,NSE_EQ|INE347G01014,2023-07-28,2023-07-28,2023-07-31,223.0,217.93
PFC,NSE_EQ|INE134E01011,2016-09-30,2016-09-30,2016-10-03,96.4,93.72
PFC,NSE_EQ|INE134E01011,2018-09-12,2018-09-12,2018-09-14,67.0,64.88
PFC,NSE_EQ|INE134E01011,2018-12-03,2018-12-03,2018-12-04,77.2,71.49
PFC,NSE_EQ|INE134E01011,2019-01-31,2019-01-31,2019-02-01,82.9,80.08
PFC,NSE_EQ|INE134E01011,2020-01-07,2020-01-07,2020-01-08,91.3,91.56
PFC,NSE_EQ|INE134E01011,2022-09-06,2022-09-06,2022-09-07,93.1,91.87
PFC,NSE_EQ|INE134E01011,2024-06-05,2024-06-05,2024-06-06,455.0,439.56
PHOENIXLTD,NSE_EQ|INE211B01039,2020-01-28,2020-01-28,2020-01-29,424.5,406.81
PHOENIXLTD,NSE_EQ|INE211B01039,2020-02-04,2020-02-04,2020-02-05,438.5,413.94
PHOENIXLTD,NSE_EQ|INE211B01039,2021-08-12,2021-08-12,2021-08-13,424.35,421.66
PHOENIXLTD,NSE_EQ|INE211B01039,2022-04-20,2022-04-20,2022-04-21,525.05,500.06
PHOENIXLTD,NSE_EQ|INE211B01039,2022-05-11,2022-05-11,2022-05-12,525.0,515.9
PHOENIXLTD,NSE_EQ|INE211B01039,2022-09-30,2022-09-30,2022-10-03,704.3,678.24
PHOENIXLTD,NSE_EQ|INE211B01039,2022-10-12,2022-10-12,2022-10-13,696.0,689.6
PHOENIXLTD,NSE_EQ|INE211B01039,2022-10-20,2022-10-20,2022-10-21,692.75,694.58
PHOENIXLTD,NSE_EQ|INE211B01039,2022-10-27,2022-10-27,2022-10-28,735.0,697.09
PHOENIXLTD,NSE_EQ|INE211B01039,2023-11-01,2023-11-01,2023-11-02,935.3,918.76
PHOENIXLTD,NSE_EQ|INE211B01039,2024-02-02,2024-02-02,2024-02-05,1239.45,1177.74
PHOENIXLTD,NSE_EQ|INE211B01039,2024-12-23,2024-12-23,2024-12-24,1663.1,1620.11
PIDILITIND,NSE_EQ|INE318A01026,2015-11-02,2015-11-02,2015-11-03,289.0,283.54
PIDILITIND,NSE_EQ|INE318A01026,2016-01-27,2016-01-27,2016-01-28,284.5,273.99
PIDILITIND,NSE_EQ|INE318A01026,2016-03-29,2016-03-29,2016-03-30,301.0,294.87
PIDILITIND,NSE_EQ|INE318A01026,2016-04-25,2016-04-25,2016-04-26,301.4,299.89
PIDILITIND,NSE_EQ|INE318A01026,2017-05-25,2017-05-25,2017-05-26,369.0,361.58
PIDILITIND,NSE_EQ|INE318A01026,2017-07-21,2017-07-21,2017-07-24,402.9,399.12
PIDILITIND,NSE_EQ|INE318A01026,2018-01-29,2018-01-29,2018-01-30,446.8,443.43
PIDILITIND,NSE_EQ|INE318A01026,2018-01-31,2018-01-31,2018-02-01,447.0,444.53
PIDILITIND,NSE_EQ|INE318A01026,2018-02-21,2018-02-21,2018-02-22,452.0,448.24
PIDILITIND,NSE_EQ|INE318A01026,2018-09-21,2018-09-21,2018-09-24,565.0,560.64
PIDILITIND,NSE_EQ|INE318A01026,2019-01-14,2019-01-14,2019-01-15,570.0,565.97
PIDILITIND,NSE_EQ|INE318A01026,2019-09-20,2019-09-20,2019-09-23,717.5,658.18
PIDILITIND,NSE_EQ|INE318A01026,2020-03-17,2020-03-17,2020-03-18,782.5,768.58
PIDILITIND,NSE_EQ|INE318A01026,2023-07-11,2023-07-11,2023-07-12,1289.5,1304.25
PIDILITIND,NSE_EQ|INE318A01026,2024-08-07,2024-08-07,2024-08-08,1592.1,1565.79
PNB,NSE_EQ|INE160A01022,2016-11-07,2016-11-07,2016-11-08,139.95,139.8
PNB,NSE_EQ|INE160A01022,2017-03-24,2017-03-24,2017-03-27,141.35,141.12
PNB,NSE_EQ|INE160A01022,2017-08-04,2017-08-04,2017-08-07,151.3,149.91
PNB,NSE_EQ|INE160A01022,2020-12-28,2020-12-28,2020-12-29,32.9,32.25
PNB,NSE_EQ|INE160A01022,2021-11-18,2021-11-18,2021-11-22,41.65,41.46
PNB,NSE_EQ|INE160A01022,2022-12-26,2022-12-26,2022-12-27,54.6,49.62
PNB,NSE_EQ|INE160A01022,2023-06-16,2023-06-16,2023-06-19,51.35,50.58
POLICYBZR,NSE_EQ|INE417T01026,2023-09-28,2023-09-28,2023-09-29,761.75,752.75
POLICYBZR,NSE_EQ|INE417T01026,2024-10-01,2024-10-01,2024-10-03,1724.0,1683.93
POWERGRID,NSE_EQ|INE752E01010,2016-01-27,2016-01-27,2016-01-28,75.75,73.3
POWERGRID,NSE_EQ|INE752E01010,2017-08-31,2017-08-31,2017-09-01,119.5,118.7
POWERGRID,NSE_EQ|INE752E01010,2018-09-12,2018-09-12,2018-09-14,106.3,102.06
POWERGRID,NSE_EQ|INE752E01010,2020-12-22,2020-12-22,2020-12-23,104.2,101.11
POWERGRID,NSE_EQ|INE752E01010,2021-01-06,2021-01-06,2021-01-07,107.8,103.54
POWERGRID,NSE_EQ|INE752E01010,2021-03-30,2021-03-30,2021-03-31,120.15,117.92
POWERGRID,NSE_EQ|INE752E01010,2021-07-16,2021-07-16,2021-07-19,128.0,127.28
POWERGRID,NSE_EQ|INE752E01010,2021-11-15,2021-11-15,2021-11-16,138.2,136.65
POWERGRID,NSE_EQ|INE752E01010,2021-11-17,2021-11-17,2021-11-18,140.35,137.17
POWERGRID,NSE_EQ|INE752E01010,2023-09-01,2023-09-01,2023-09-04,190.2,183.94
POWERGRID,NSE_EQ|INE752E01010,2024-06-07,2024-06-07,2024-06-10,313.0,300.6
PRESTIGE,NSE_EQ|INE811K01011,2016-07-20,2016-07-20,2016-07-21,185.1,182.95
PRESTIGE,NSE_EQ|INE811K01011,2016-09-16,2016-09-16,2016-09-19,199.8,189.78
PRESTIGE,NSE_EQ|INE811K01011,2017-01-24,2017-01-24,2017-01-25,167.45,164.35
PRESTIGE,NSE_EQ|INE811K01011,2017-05-31,2017-05-31,2017-06-01,250.3,235.3
PRESTIGE,NSE_EQ|INE811K01011,2017-07-26,2017-07-26,2017-07-27,258.0,254.3
PRESTIGE,NSE_EQ|INE811K01011,2017-07-31,2017-07-31,2017-08-01,269.0,256.25
PRESTIGE,NSE_EQ|INE811K01011,2017-09-26,2017-09-26,2017-09-27,267.2,262.91
PRESTIGE,NSE_EQ|INE811K01011,2017-11-10,2017-11-10,2017-11-13,290.0,279.72
PRESTIGE,NSE_EQ|INE811K01011,2018-01-31,2018-01-31,2018-02-01,324.9,316.48
PRESTIGE,NSE_EQ|INE811K01011,2018-02-15,2018-02-15,2018-02-16,327.9,314.79
PRESTIGE,NSE_EQ|INE811K01011,2019-07-02,2019-07-02,2019-07-03,270.0,267.7
PRESTIGE,NSE_EQ|INE811K01011,2019-07-09,2019-07-09,2019-07-10,270.15,269.25
PRESTIGE,NSE_EQ|INE811K01011,2019-07-16,2019-07-16,2019-07-17,280.8,271.01
PRESTIGE,NSE_EQ|INE811K01011,2019-09-18,2019-09-18,2019-09-19,295.0,282.43
PRESTIGE,NSE_EQ|INE811K01011,2020-07-28,2020-07-28,2020-07-29,194.9,191.21
PRESTIGE,NSE_EQ|INE811K01011,2020-07-31,2020-07-31,2020-08-03,195.7,194.2
PRESTIGE,NSE_EQ|INE811K01011,2020-10-22,2020-10-22,2020-10-23,256.9,250.49
PRESTIGE,NSE_EQ|INE811K01011,2021-11-25,2021-11-25,2021-11-26,463.0,463.44
PRESTIGE,NSE_EQ|INE811K01011,2022-08-01,2022-08-01,2022-08-02,433.0,420.66
PRESTIGE,NSE_EQ|INE811K01011,2023-01-05,2023-01-05,2023-01-06,473.5,468.51
PRESTIGE,NSE_EQ|INE811K01011,2023-07-28,2023-07-28,2023-07-31,594.0,555.92
PRESTIGE,NSE_EQ|INE811K01011,2024-06-05,2024-06-05,2024-06-06,1698.55,1434.09
RECLTD,NSE_EQ|INE020B01018,2016-11-17,2016-11-17,2016-11-18,97.9,95.65
RECLTD,NSE_EQ|INE020B01018,2016-11-22,2016-11-22,2016-11-23,98.05,96.4
RECLTD,NSE_EQ|INE020B01018,2016-12-13,2016-12-13,2016-12-14,100.1,99.21
RECLTD,NSE_EQ|INE020B01018,2019-02-14,2019-02-14,2019-02-15,90.2,89.78
RECLTD,NSE_EQ|INE020B01018,2019-02-19,2019-02-19,2019-02-20,93.75,90.63
RECLTD,NSE_EQ|INE020B01018,2020-02-04,2020-02-04,2020-02-05,110.55,104.51
RECLTD,NSE_EQ|INE020B01018,2020-02-12,2020-02-12,2020-02-13,106.15,106.31
RECLTD,NSE_EQ|INE020B01018,2020-08-12,2020-08-12,2020-08-13,81.4,79.82
RECLTD,NSE_EQ|INE020B01018,2021-01-28,2021-01-28,2021-01-29,103.6,101.75
RECLTD,NSE_EQ|INE020B01018,2021-02-01,2021-02-01,2021-02-02,104.35,102.29
RECLTD,NSE_EQ|INE020B01018,2021-02-25,2021-02-25,2021-02-26,106.75,106.99
RELIANCE,NSE_EQ|INE002A01018,2015-12-10,2015-12-10,2015-12-11,226.8,224.24
RELIANCE,NSE_EQ|INE002A01018,2016-04-26,2016-04-26,2016-04-27,242.6,241.56
RELIANCE,NSE_EQ|INE002A01018,2018-07-06,2018-07-06,2018-07-09,470.45,460.76
RELIANCE,NSE_EQ|INE002A01018,2018-09-24,2018-09-24,2018-09-25,588.85,577.39
RELIANCE,NSE_EQ|INE002A01018,2020-01-02,2020-01-02,2020-01-03,730.6,728.85
RELIANCE,NSE_EQ|INE002A01018,2021-03-19,2021-03-19,2021-03-22,987.05,972.08
RELIANCE,NSE_EQ|INE002A01018,2022-05-20,2022-05-20,2022-05-23,1254.2,1240.58
RELIANCE,NSE_EQ|INE002A01018,2024-03-22,2024-03-22,2024-03-26,1445.0,1449.71
RELIANCE,NSE_EQ|INE002A01018,2024-03-27,2024-03-27,2024-03-28,1492.9,1455.37
RVNL,NSE_EQ|INE415G01027,2019-11-01,2019-11-01,2019-11-04,25.6,24.3
RVNL,NSE_EQ|INE415G01027,2020-08-11,2020-08-11,2020-08-12,19.25,19.29
RVNL,NSE_EQ|INE415G01027,2023-07-31,2023-07-31,2023-08-01,125.9,123.16
RVNL,NSE_EQ|INE415G01027,2023-08-09,2023-08-09,2023-08-10,127.5,123.96
RVNL,NSE_EQ|INE415G01027,2023-08-28,2023-08-28,2023-08-29,128.9,124.37
RVNL,NSE_EQ|INE415G01027,2024-05-14,2024-05-14,2024-05-15,275.85,260.86
SAIL,NSE_EQ|INE114A01011,2016-10-20,2016-10-20,2016-10-21,49.45,48.5
SAIL,NSE_EQ|INE114A01011,2017-09-19,2017-09-19,2017-09-20,62.55,61.71
SAIL,NSE_EQ|INE114A01011,2018-06-04,2018-06-04,2018-06-05,74.85,75.19
SBICARD,NSE_EQ|INE018E01016,2023-04-06,2023-04-06,2023-04-10,752.9,741.92
SBILIFE,NSE_EQ|INE123W01016,2018-02-01,2018-02-01,2018-02-02,708.4,691.35
SBILIFE,NSE_EQ|INE123W01016,2019-09-20,2019-09-20,2019-09-23,822.0,803.71
SBILIFE,NSE_EQ|INE123W01016,2021-01-27,2021-01-27,2021-01-28,883.0,879.25
SBILIFE,NSE_EQ|INE123W01016,2021-02-09,2021-02-09,2021-02-10,898.0,882.29
SBILIFE,NSE_EQ|INE123W01016,2023-11-07,2023-11-07,2023-11-08,1342.15,1324.53
SBILIFE,NSE_EQ|INE123W01016,2024-03-28,2024-03-28,2024-04-01,1498.0,1483.68
SBIN,NSE_EQ|INE062A01020,2015-11-16,2015-11-16,2015-11-17,250.0,241.73
SBIN,NSE_EQ|INE062A01020,2016-10-18,2016-10-18,2016-10-19,258.0,253.59
SBIN,NSE_EQ|INE062A01020,2016-11-09,2016-11-09,2016-11-10,267.0,255.81
SBIN,NSE_EQ|INE062A01020,2017-12-18,2017-12-18,2017-12-19,319.45,313.76
SBIN,NSE_EQ|INE062A01020,2019-05-14,2019-05-14,2019-05-15,316.2,306.97
SBIN,NSE_EQ|INE062A01020,2020-02-13,2020-02-13,2020-02-14,328.1,323.34
SBIN,NSE_EQ|INE062A01020,2020-09-10,2020-09-10,2020-09-11,198.55,197.88
SBIN,NSE_EQ|INE062A01020,2021-01-28,2021-01-28,2021-01-29,285.6,275.2
SBIN,NSE_EQ|INE062A01020,2021-07-23,2021-07-23,2021-07-26,427.8,425.51
SBIN,NSE_EQ|INE062A01020,2021-07-27,2021-07-27,2021-07-28,430.0,426.16
SBIN,NSE_EQ|INE062A01020,2022-10-17,2022-10-17,2022-10-18,547.1,537.99
SBIN,NSE_EQ|INE062A01020,2023-07-03,2023-07-03,2023-07-04,588.2,577.34
SBIN,NSE_EQ|INE062A01020,2024-01-29,2024-01-29,2024-01-30,625.45,622.11
SBIN,NSE_EQ|INE062A01020,2024-06-06,2024-06-06,2024-06-07,819.9,802.61
SBIN,NSE_EQ|INE062A01020,2024-07-03,2024-07-03,2024-07-04,843.0,829.02
SBIN,NSE_EQ|INE062A01020,2024-11-22,2024-11-22,2024-11-25,827.0,807.51
SHRIRAMFIN,NSE_EQ|INE721A01047,2015-03-17,2015-03-17,2015-03-18,229.95,226.57
SHRIRAMFIN,NSE_EQ|INE721A01047,2017-07-31,2017-07-31,2017-08-01,199.95,195.74
SHRIRAMFIN,NSE_EQ|INE721A01047,2019-10-07,2019-10-07,2019-10-09,207.35,200.34
SHRIRAMFIN,NSE_EQ|INE721A01047,2019-10-17,2019-10-17,2019-10-18,206.95,203.01
SHRIRAMFIN,NSE_EQ|INE721A01047,2020-08-13,2020-08-13,2020-08-14,141.6,135.68
SHRIRAMFIN,NSE_EQ|INE721A01047,2020-08-18,2020-08-18,2020-08-19,139.6,136.27
SHRIRAMFIN,NSE_EQ|INE721A01047,2022-09-06,2022-09-06,2022-09-07,275.2,271.34
SHRIRAMFIN,NSE_EQ|INE721A01047,2023-09-29,2023-09-29,2023-10-03,387.6,375.41
SHRIRAMFIN,NSE_EQ|INE721A01047,2023-10-10,2023-10-10,2023-10-11,381.4,375.95
SHRIRAMFIN,NSE_EQ|INE721A01047,2024-07-26,2024-07-26,2024-07-29,594.0,540.02
SIEMENS,NSE_EQ|INE003A01024,2015-06-30,2015-06-30,2015-07-01,1354.0,1343.33
SIEMENS,NSE_EQ|INE003A01024,2018-02-16,2018-02-16,2018-02-19,1265.1,1264.43
SIEMENS,NSE_EQ|INE003A01024,2019-05-16,2019-05-16,2019-05-17,1129.15,1117.08
SIEMENS,NSE_EQ|INE003A01024,2020-01-29,2020-01-29,2020-01-30,1530.0,1514.07
SIEMENS,NSE_EQ|INE003A01024,2020-08-11,2020-08-11,2020-08-12,1154.0,1127.5
SIEMENS,NSE_EQ|INE003A01024,2021-03-19,2021-03-19,2021-03-22,1850.0,1813.67
SIEMENS,NSE_EQ|INE003A01024,2021-12-09,2021-12-09,2021-12-10,2273.8,2247.78
SIEMENS,NSE_EQ|INE003A01024,2022-12-07,2022-12-07,2022-12-08,2910.0,2833.41
SIEMENS,NSE_EQ|INE003A01024,2023-02-03,2023-02-03,2023-02-06,3043.0,2924.79
SIEMENS,NSE_EQ|INE003A01024,2023-07-11,2023-07-11,2023-07-12,3799.8,3682.06
SJVN,NSE_EQ|INE002L01015,2016-08-09,2016-08-09,2016-08-10,28.35,28.28
SJVN,NSE_EQ|INE002L01015,2019-12-17,2019-12-17,2019-12-18,24.9,24.71
SJVN,NSE_EQ|INE002L01015,2020-02-01,2020-02-01,2020-02-03,25.35,25.47
SJVN,NSE_EQ|INE002L01015,2021-03-30,2021-03-30,2021-03-31,27.15,26.16
SONACOMS,NSE_EQ|INE073K01018,2024-03-14,2024-03-14,2024-03-15,639.0,628.75
SONACOMS,NSE_EQ|INE073K01018,2024-08-09,2024-08-09,2024-08-12,670.1,671.47
SONACOMS,NSE_EQ|INE073K01018,2024-08-16,2024-08-16,2024-08-19,693.9,672.06
SRF,NSE_EQ|INE647A01010,2017-11-10,2017-11-10,2017-11-13,344.0,326.54
SRF,NSE_EQ|INE647A01010,2024-07-24,2024-07-24,2024-07-25,2345.0,2360.82
SUNPHARMA,NSE_EQ|INE044A01036,2017-11-21,2017-11-21,2017-11-22,539.75,527.4
SUNPHARMA,NSE_EQ|INE044A01036,2018-02-08,2018-02-08,2018-02-09,570.1,560.45
SUNPHARMA,NSE_EQ|INE044A01036,2019-04-23,2019-04-23,2019-04-24,469.1,456.79
SUNPHARMA,NSE_EQ|INE044A01036,2020-09-18,2020-09-18,2020-09-21,523.8,515.97
SUNPHARMA,NSE_EQ|INE044A01036,2021-01-25,2021-01-25,2021-01-27,585.9,575.5
SUNPHARMA,NSE_EQ|INE044A01036,2021-04-01,2021-04-01,2021-04-05,611.7,607.47
SUNPHARMA,NSE_EQ|INE044A01036,2021-04-06,2021-04-06,2021-04-07,621.0,609.26
SUNPHARMA,NSE_EQ|INE044A01036,2021-07-01,2021-07-01,2021-07-02,685.5,679.03
SUNPHARMA,NSE_EQ|INE044A01036,2021-09-28,2021-09-28,2021-09-29,784.0,771.81
TATACOMM,NSE_EQ|INE151A01013,2015-07-30,2015-07-30,2015-07-31,454.0,439.03
TATACOMM,NSE_EQ|INE151A01013,2018-12-27,2018-12-27,2018-12-28,521.0,513.81
TATACOMM,NSE_EQ|INE151A01013,2019-01-03,2019-01-03,2019-01-04,537.0,521.85
TATACOMM,NSE_EQ|INE151A01013,2020-10-08,2020-10-08,2020-10-09,867.0,858.41
TATACOMM,NSE_EQ|INE151A01013,2020-12-22,2020-12-22,2020-12-23,1007.0,1000.45
TATACOMM,NSE_EQ|INE151A01013,2022-12-19,2022-12-19,2022-12-20,1313.0,1283.97
TATACOMM,NSE_EQ|INE151A01013,2024-01-12,2024-01-12,2024-01-15,1754.9,1725.44
TATACOMM,NSE_EQ|INE151A01013,2024-01-18,2024-01-18,2024-01-19,1800.05,1728.68
TATACOMM,NSE_EQ|INE151A01013,2024-02-08,2024-02-08,2024-02-09,1770.95,1734.69
TATACONSUM,NSE_EQ|INE192A01025,2016-09-16,2016-09-16,2016-09-19,139.85,137.94
TATACONSUM,NSE_EQ|INE192A01025,2016-09-23,2016-09-23,2016-09-26,143.45,138.81
TATACONSUM,NSE_EQ|INE192A01025,2017-08-11,2017-08-11,2017-08-14,166.0,162.69
TATACONSUM,NSE_EQ|INE192A01025,2017-10-24,2017-10-24,2017-10-25,211.0,204.34
TATACONSUM,NSE_EQ|INE192A01025,2017-10-26,2017-10-26,2017-10-27,211.3,204.9
TATACONSUM,NSE_EQ|INE192A01025,2019-09-20,2019-09-20,2019-09-23,266.0,262.11
TATACONSUM,NSE_EQ|INE192A01025,2021-10-13,2021-10-13,2021-10-14,859.95,840.95
TATACONSUM,NSE_EQ|INE192A01025,2024-09-09,2024-09-09,2024-09-10,1200.0,1188.9
TATAPOWER,NSE_EQ|INE245A01021,2017-04-12,2017-04-12,2017-04-13,84.7,84.87
TATAPOWER,NSE_EQ|INE245A01021,2018-12-27,2018-12-27,2018-12-28,77.15,76.71
TATAPOWER,NSE_EQ|INE245A01021,2019-10-23,2019-10-23,2019-10-24,61.5,59.66
TATAPOWER,NSE_EQ|INE245A01021,2021-01-28,2021-01-28,2021-01-29,78.55,76.32
TATAPOWER,NSE_EQ|INE245A01021,2021-02-01,2021-02-01,2021-02-02,81.5,77.03
TATAPOWER,NSE_EQ|INE245A01021,2024-03-14,2024-03-14,2024-03-15,384.45,377.52
TATAPOWER,NSE_EQ|INE245A01021,2024-03-18,2024-03-18,2024-03-19,392.15,378.81
TATAPOWER,NSE_EQ|INE245A01021,2024-05-14,2024-05-14,2024-05-15,433.8,416.41
TATASTEEL,NSE_EQ|INE081A01020,2016-05-31,2016-05-31,2016-06-01,33.6,33.06
TATASTEEL,NSE_EQ|INE081A01020,2016-09-14,2016-09-14,2016-09-15,37.4,37.29
TATASTEEL,NSE_EQ|INE081A01020,2016-09-28,2016-09-28,2016-09-29,38.35,37.43
TATASTEEL,NSE_EQ|INE081A01020,2019-04-26,2019-04-26,2019-04-30,54.3,52.33
TATASTEEL,NSE_EQ|INE081A01020,2024-01-24,2024-01-24,2024-01-25,136.5,132.78
TATASTEEL,NSE_EQ|INE081A01020,2024-03-18,2024-03-18,2024-03-19,149.0,142.07
TATASTEEL,NSE_EQ|INE081A01020,2024-05-31,2024-05-31,2024-06-03,173.25,165.67
TATASTEEL,NSE_EQ|INE081A01020,2024-06-05,2024-06-05,2024-06-06,170.0,166.37
TATATECH,NSE_EQ|INE142M01025,2024-10-10,2024-10-10,2024-10-11,1064.7,1059.2
TCS,NSE_EQ|INE467B01029,2015-03-19,2015-03-19,2015-03-20,1298.0,1290.8
TCS,NSE_EQ|INE467B01029,2015-09-24,2015-09-24,2015-09-28,1297.0,1286.77
TCS,NSE_EQ|INE467B01029,2017-09-25,2017-09-25,2017-09-26,1255.0,1247.48
TCS,NSE_EQ|INE467B01029,2018-10-05,2018-10-05,2018-10-08,2102.65,2060.07
TCS,NSE_EQ|INE467B01029,2020-08-31,2020-08-31,2020-09-01,2269.0,2237.45
TCS,NSE_EQ|INE467B01029,2021-04-15,2021-04-15,2021-04-16,3229.0,3105.34
TCS,NSE_EQ|INE467B01029,2022-02-18,2022-02-18,2022-02-21,3810.0,3787.13
TCS,NSE_EQ|INE467B01029,2023-06-12,2023-06-12,2023-06-13,3260.0,3236.99
TECHM,NSE_EQ|INE669C01036,2015-11-02,2015-11-02,2015-11-03,558.3,546.7
TECHM,NSE_EQ|INE669C01036,2017-01-09,2017-01-09,2017-01-10,474.35,467.89
TECHM,NSE_EQ|INE669C01036,2017-01-11,2017-01-11,2017-01-12,475.0,469.23
TECHM,NSE_EQ|INE669C01036,2018-12-27,2018-12-27,2018-12-28,710.0,701.1
TECHM,NSE_EQ|INE669C01036,2020-11-20,2020-11-20,2020-11-23,838.0,825.86
TECHM,NSE_EQ|INE669C01036,2021-10-18,2021-10-18,2021-10-19,1498.0,1432.07
TECHM,NSE_EQ|INE669C01036,2024-10-01,2024-10-01,2024-10-03,1615.0,1591.11
TECHM,NSE_EQ|INE669C01036,2024-11-06,2024-11-06,2024-11-07,1695.0,1645.41
TIINDIA,NSE_EQ|INE974X01010,2018-10-12,2018-10-12,2018-10-15,294.0,282.72
TIINDIA,NSE_EQ|INE974X01010,2019-02-05,2019-02-05,2019-02-06,337.8,334.87
TIINDIA,NSE_EQ|INE974X01010,2019-04-23,2019-04-23,2019-04-24,379.3,374.32
TIINDIA,NSE_EQ|INE974X01010,2020-09-28,2020-09-28,2020-09-29,624.8,594.55
TIINDIA,NSE_EQ|INE974X01010,2021-10-21,2021-10-21,2021-10-22,1397.75,1370.07
TITAN,NSE_EQ|INE280A01028,2015-12-22,2015-12-22,2015-12-23,362.2,359.89
TITAN,NSE_EQ|INE280A01028,2016-09-14,2016-09-14,2016-09-15,417.9,412.5
TITAN,NSE_EQ|INE280A01028,2017-05-10,2017-05-10,2017-05-11,482.15,469.0
TITAN,NSE_EQ|INE280A01028,2017-05-22,2017-05-22,2017-05-23,478.65,475.32
TITAN,NSE_EQ|INE280A01028,2017-10-12,2017-10-12,2017-10-13,625.0,616.18
TITAN,NSE_EQ|INE280A01028,2019-05-09,2019-05-09,2019-05-10,1108.0,1102.76
TITAN,NSE_EQ|INE280A01028,2020-02-03,2020-02-03,2020-02-04,1195.0,1179.12
TITAN,NSE_EQ|INE280A01028,2021-02-01,2021-02-01,2021-02-02,1515.0,1488.53
TITAN,NSE_EQ|INE280A01028,2021-07-22,2021-07-22,2021-07-23,1714.65,1693.5
TITAN,NSE_EQ|INE280A01028,2021-07-26,2021-07-26,2021-07-27,1733.0,1701.79
TITAN,NSE_EQ|INE280A01028,2022-04-26,2022-04-26,2022-04-27,2528.65,2519.24
TITAN,NSE_EQ|INE280A01028,2022-09-30,2022-09-30,2022-10-03,2625.0,2545.31
TORNTPHARM,NSE_EQ|INE685A01028,2017-04-28,2017-04-28,2017-05-02,715.85,708.57
TORNTPHARM,NSE_EQ|INE685A01028,2017-07-31,2017-07-31,2017-08-01,655.0,621.36
TORNTPHARM,NSE_EQ|INE685A01028,2017-08-16,2017-08-16,2017-08-17,661.5,627.13
TORNTPHARM,NSE_EQ|INE685A01028,2019-02-04,2019-02-04,2019-02-05,916.3,904.58
TORNTPHARM,NSE_EQ|INE685A01028,2019-04-09,2019-04-09,2019-04-10,933.0,913.12
TORNTPHARM,NSE_EQ|INE685A01028,2019-11-25,2019-11-25,2019-11-26,882.5,862.5
TORNTPHARM,NSE_EQ|INE685A01028,2020-09-30,2020-09-30,2020-10-01,1412.55,1394.92
TORNTPHARM,NSE_EQ|INE685A01028,2020-10-05,2020-10-05,2020-10-06,1415.15,1397.74
TORNTPHARM,NSE_EQ|INE685A01028,2021-01-19,2021-01-19,2021-01-20,1381.0,1360.25
TORNTPHARM,NSE_EQ|INE685A01028,2021-01-21,2021-01-21,2021-01-22,1372.0,1361.71
TORNTPHARM,NSE_EQ|INE685A01028,2021-05-05,2021-05-05,2021-05-06,1317.0,1252.92
TORNTPHARM,NSE_EQ|INE685A01028,2021-10-01,2021-10-01,2021-10-04,1540.25,1536.98
TORNTPHARM,NSE_EQ|INE685A01028,2022-09-22,2022-09-22,2022-09-23,1532.0,1522.03
TORNTPHARM,NSE_EQ|INE685A01028,2022-09-29,2022-09-29,2022-09-30,1548.9,1526.33
TORNTPHARM,NSE_EQ|INE685A01028,2024-10-03,2024-10-03,2024-10-04,3404.95,3384.16
TORNTPOWER,NSE_EQ|INE813H01021,2016-09-21,2016-09-21,2016-09-22,187.5,179.7
TORNTPOWER,NSE_EQ|INE813H01021,2016-10-05,2016-10-05,2016-10-06,184.2,182.23
TORNTPOWER,NSE_EQ|INE813H01021,2017-03-16,2017-03-16,2017-03-17,204.0,198.73
TORNTPOWER,NSE_EQ|INE813H01021,2017-10-12,2017-10-12,2017-10-13,227.35,214.85
TORNTPOWER,NSE_EQ|INE813H01021,2019-01-03,2019-01-03,2019-01-04,264.0,259.37
TORNTPOWER,NSE_EQ|INE813H01021,2019-04-26,2019-04-26,2019-04-30,253.15,253.72
TORNTPOWER,NSE_EQ|INE813H01021,2020-03-02,2020-03-02,2020-03-03,318.0,307.88
TORNTPOWER,NSE_EQ|INE813H01021,2020-09-01,2020-09-01,2020-09-02,343.45,333.13
TORNTPOWER,NSE_EQ|INE813H01021,2021-04-16,2021-04-16,2021-04-19,404.95,397.29
TORNTPOWER,NSE_EQ|INE813H01021,2021-08-04,2021-08-04,2021-08-05,475.0,463.92
TORNTPOWER,NSE_EQ|INE813H01021,2023-03-28,2023-03-28,2023-03-29,509.9,493.65
TORNTPOWER,NSE_EQ|INE813H01021,2023-07-26,2023-07-26,2023-07-27,644.0,622.17
TORNTPOWER,NSE_EQ|INE813H01021,2023-10-26,2023-10-26,2023-10-27,733.95,714.06
TORNTPOWER,NSE_EQ|INE813H01021,2024-05-21,2024-05-21,2024-05-22,1432.05,1414.9
TVSMOTOR,NSE_EQ|INE494B01023,2018-10-01,2018-10-01,2018-10-03,564.95,554.22
TVSMOTOR,NSE_EQ|INE494B01023,2021-12-15,2021-12-15,2021-12-16,678.5,671.19
TVSMOTOR,NSE_EQ|INE494B01023,2022-05-13,2022-05-13,2022-05-16,638.8,628.28
TVSMOTOR,NSE_EQ|INE494B01023,2023-03-29,2023-03-29,2023-03-31,1079.2,1066.45
TVSMOTOR,NSE_EQ|INE494B01023,2023-04-24,2023-04-24,2023-04-25,1103.0,1090.49
TVSMOTOR,NSE_EQ|INE494B01023,2023-08-09,2023-08-09,2023-08-10,1342.45,1338.35
UNIONBANK,NSE_EQ|INE692A01016,2021-07-29,2021-07-29,2021-07-30,38.5,37.06
UNIONBANK,NSE_EQ|INE692A01016,2022-12-26,2022-12-26,2022-12-27,83.25,73.05
UNIONBANK,NSE_EQ|INE692A01016,2023-09-13,2023-09-13,2023-09-14,91.9,88.84
UNIONBANK,NSE_EQ|INE692A01016,2023-10-27,2023-10-27,2023-10-30,101.3,97.17
UNIONBANK,NSE_EQ|INE692A01016,2024-04-25,2024-04-25,2024-04-26,151.5,149.31
UNITDSPR,NSE_EQ|INE854D01024,2017-08-24,2017-08-24,2017-08-28,516.74,510.56
UNITDSPR,NSE_EQ|INE854D01024,2018-12-26,2018-12-26,2018-12-27,623.65,617.46
UNITDSPR,NSE_EQ|INE854D01024,2019-08-02,2019-08-02,2019-08-05,582.0,572.6
UNITDSPR,NSE_EQ|INE854D01024,2019-09-20,2019-09-20,2019-09-23,636.0,596.5
UNITDSPR,NSE_EQ|INE854D01024,2019-10-25,2019-10-25,2019-10-27,631.0,617.78
UNITDSPR,NSE_EQ|INE854D01024,2022-10-12,2022-10-12,2022-10-13,831.25,825.68
UNITDSPR,NSE_EQ|INE854D01024,2022-10-25,2022-10-25,2022-10-27,866.15,834.01
UNITDSPR,NSE_EQ|INE854D01024,2023-10-10,2023-10-10,2023-10-11,1036.7,1019.22
UNITDSPR,NSE_EQ|INE854D01024,2023-12-13,2023-12-13,2023-12-14,1083.85,1052.99
UNITDSPR,NSE_EQ|INE854D01024,2024-02-13,2024-02-13,2024-02-14,1113.0,1091.71
UNITDSPR,NSE_EQ|INE854D01024,2024-04-22,2024-04-22,2024-04-23,1164.0,1141.93
UNITDSPR,NSE_EQ|INE854D01024,2024-06-03,2024-06-03,2024-06-04,1179.05,1173.08
UNITDSPR,NSE_EQ|INE854D01024,2024-10-08,2024-10-08,2024-10-09,1527.0,1499.95
UPL,NSE_EQ|INE628A01036,2015-04-27,2015-04-27,2015-04-28,298.65,287.44
UPL,NSE_EQ|INE628A01036,2016-11-08,2016-11-08,2016-11-09,427.65,453.88
UPL,NSE_EQ|INE628A01036,2017-03-21,2017-03-21,2017-03-22,481.65,479.59
UPL,NSE_EQ|INE628A01036,2017-06-30,2017-06-30,2017-07-03,560.65,556.98
UPL,NSE_EQ|INE628A01036,2018-02-01,2018-02-01,2018-02-02,500.0,504.26
UPL,NSE_EQ|INE628A01036,2019-07-04,2019-07-04,2019-07-05,706.9,654.16
UPL,NSE_EQ|INE628A01036,2021-04-13,2021-04-13,2021-04-15,611.0,595.61
UPL,NSE_EQ|INE628A01036,2024-05-10,2024-05-10,2024-05-13,502.45,481.17
VBL,NSE_EQ|INE200M01039,2019-02-21,2019-02-21,2019-02-22,48.25,46.97
VBL,NSE_EQ|INE200M01039,2019-06-18,2019-06-18,2019-06-19,53.5,53.35
VBL,NSE_EQ|INE200M01039,2019-09-26,2019-09-26,2019-09-27,56.7,55.89
VBL,NSE_EQ|INE200M01039,2019-12-23,2019-12-23,2019-12-24,62.25,61.85
VBL,NSE_EQ|INE200M01039,2020-09-01,2020-09-01,2020-09-02,67.55,64.26
VBL,NSE_EQ|INE200M01039,2021-01-20,2021-01-20,2021-01-21,82.5,79.28
VBL,NSE_EQ|INE200M01039,2021-04-13,2021-04-13,2021-04-15,88.9,87.82
VBL,NSE_EQ|INE200M01039,2021-08-11,2021-08-11,2021-08-12,103.9,101.82
VBL,NSE_EQ|INE200M01039,2022-02-11,2022-02-11,2022-02-14,123.9,119.06
VBL,NSE_EQ|INE200M01039,2022-03-15,2022-03-15,2022-03-16,124.95,122.9
VBL,NSE_EQ|INE200M01039,2022-04-01,2022-04-01,2022-04-04,126.1,124.45
VBL,NSE_EQ|INE200M01039,2022-06-22,2022-06-22,2022-06-23,150.95,146.16
VBL,NSE_EQ|INE200M01039,2022-10-12,2022-10-12,2022-10-13,217.7,211.86
VBL,NSE_EQ|INE200M01039,2023-10-19,2023-10-19,2023-10-20,373.25,366.87
VBL,NSE_EQ|INE200M01039,2024-06-05,2024-06-05,2024-06-06,600.0,585.16
VBL,NSE_EQ|INE200M01039,2024-07-24,2024-07-24,2024-07-25,644.0,624.1
VEDL,NSE_EQ|INE205A01025,2016-09-28,2016-09-28,2016-09-29,154.5,146.67
VEDL,NSE_EQ|INE205A01025,2016-09-30,2016-09-30,2016-10-03,151.85,146.73
VEDL,NSE_EQ|INE205A01025,2017-01-05,2017-01-05,2017-01-06,206.5,200.5
VEDL,NSE_EQ|INE205A01025,2021-07-05,2021-07-05,2021-07-06,251.85,248.28
VEDL,NSE_EQ|INE205A01025,2021-08-24,2021-08-24,2021-08-25,266.0,260.16
VEDL,NSE_EQ|INE205A01025,2022-05-05,2022-05-05,2022-05-06,343.0,381.7
VOLTAS,NSE_EQ|INE226A01021,2015-04-30,2015-04-30,2015-05-04,281.89,278.81
VOLTAS,NSE_EQ|INE226A01021,2015-07-01,2015-07-01,2015-07-02,323.89,316.87
VOLTAS,NSE_EQ|INE226A01021,2015-11-26,2015-11-26,2015-11-27,285.1,273.08
VOLTAS,NSE_EQ|INE226A01021,2016-01-08,2016-01-08,2016-01-11,291.85,291.28
VOLTAS,NSE_EQ|INE226A01021,2016-09-30,2016-09-30,2016-10-03,382.2,374.44
VOLTAS,NSE_EQ|INE226A01021,2017-02-01,2017-02-01,2017-02-02,333.7,327.51
VOLTAS,NSE_EQ|INE226A01021,2019-11-08,2019-11-08,2019-11-11,695.0,670.3
VOLTAS,NSE_EQ|INE226A01021,2020-02-07,2020-02-07,2020-02-10,701.95,681.26
VOLTAS,NSE_EQ|INE226A01021,2021-07-13,2021-07-13,2021-07-14,1039.95,1024.91
VOLTAS,NSE_EQ|INE226A01021,2021-10-25,2021-10-25,2021-10-26,1199.0,1185.3
VOLTAS,NSE_EQ|INE226A01021,2021-12-07,2021-12-07,2021-12-08,1258.75,1234.7
VOLTAS,NSE_EQ|INE226A01021,2022-02-25,2022-02-25,2022-02-28,1235.0,1225.56
VOLTAS,NSE_EQ|INE226A01021,2024-03-07,2024-03-07,2024-03-11,1095.95,1063.22
VOLTAS,NSE_EQ|INE226A01021,2024-03-21,2024-03-21,2024-03-22,1090.0,1068.55
VOLTAS,NSE_EQ|INE226A01021,2024-03-26,2024-03-26,2024-03-27,1110.0,1070.6
WIPRO,NSE_EQ|INE075A01022,2016-08-01,2016-08-01,2016-08-02,104.9,103.76
WIPRO,NSE_EQ|INE075A01022,2017-11-29,2017-11-29,2017-11-30,112.55,110.38
WIPRO,NSE_EQ|INE075A01022,2017-12-20,2017-12-20,2017-12-21,111.2,110.53
WIPRO,NSE_EQ|INE075A01022,2018-10-25,2018-10-25,2018-10-26,119.85,119.01
WIPRO,NSE_EQ|INE075A01022,2024-10-18,2024-10-18,2024-10-21,275.8,266.09
ZYDUSLIFE,NSE_EQ|INE010B01027,2015-06-30,2015-06-30,2015-07-01,362.0,350.86
ZYDUSLIFE,NSE_EQ|INE010B01027,2015-11-17,2015-11-17,2015-11-18,413.1,410.29
ZYDUSLIFE,NSE_EQ|INE010B01027,2016-10-27,2016-10-27,2016-10-28,395.0,388.56
ZYDUSLIFE,NSE_EQ|INE010B01027,2020-07-16,2020-07-16,2020-07-17,362.4,355.42
ZYDUSLIFE,NSE_EQ|INE010B01027,2020-11-11,2020-11-11,2020-11-12,418.4,410.99
ZYDUSLIFE,NSE_EQ|INE010B01027,2023-05-22,2023-05-22,2023-05-23,509.95,503.51
ZYDUSLIFE,NSE_EQ|INE010B01027,2023-09-13,2023-09-13,2023-09-14,648.3,632.75
ZYDUSLIFE,NSE_EQ|INE010B01027,2024-05-02,2024-05-02,2024-05-03,994.45,969.01
